beam_height,beam_length,fillet_size,beam_width,modal_frequency_1,modal_frequency_2,modal_frequency_3,modal_frequency_4,max_deformation,max_stress 
5.0,10.0,0.1,0.4,114.18975400972288,772.0592685453582,855.8433888196826,1442.7216648946555,0.19146455824375153,5.933879154496399
5.0,11.4,0.1,0.4,97.5911370231126,717.6595256647295,767.4036413121562,1324.0816352432348,0.2626377046108246,6.016455985084144
5.0,12.8,0.1,0.4,85.34315795712034,672.3809296651476,693.2107561904304,969.3258989112214,0.3445139527320862,6.640104539163939
5.0,14.2,0.1,0.4,77.0455042534375,628.7250937933818,633.2437614114241,815.3114297677304,0.4235335886478424,6.484308556008754
5.0,15.6,0.1,0.4,70.24885850506804,529.8090494215055,595.2090436507125,596.6017388666181,0.5135172009468079,6.204226468721543
5.0,17.0,0.1,0.4,65.50957595831531,464.66047252078,531.9205031421913,559.3348408894934,0.5922931432723999,6.530838127576784
8.0,10.0,0.1,0.4,130.38645283307665,1038.4377647378667,1088.093818035537,1452.6283554058589,0.1469336599111557,5.125924944469688
8.0,11.4,0.1,0.4,109.67930647450237,976.9105180313705,985.574569960569,1395.3063817346701,0.20781651139259338,5.351168503821628
8.0,12.8,0.1,0.4,97.87730787345654,901.2766855787753,924.8211368610108,1233.2768858990225,0.2616364061832428,5.24157966871484
8.0,14.2,0.1,0.4,82.45428558750737,827.9798007293698,879.9754660614448,1033.4457692901826,0.368937224149704,5.899911099864358
8.0,15.6,0.1,0.4,75.00235380055314,762.8467422953871,836.1569571721542,928.0498386056895,0.4464602470397949,5.657823618738747
8.0,17.0,0.1,0.4,69.83855653023346,680.4076138659977,753.6896318307913,784.2233239745605,0.5162379145622253,5.604500448503808
11.0,10.0,0.1,0.4,147.88824076814143,1204.443923461409,1209.8618563698556,1432.2845805838028,0.11435151845216751,4.563567054627196
11.0,11.4,0.1,0.4,123.86375652720926,1104.3581804784892,1146.4412581486122,1400.5822438327405,0.1629539281129837,4.6356028839887555
11.0,12.8,0.1,0.4,124.91176638701646,1013.915217093628,1089.0098583561412,1318.5129449718077,0.1609906256198883,4.148884146026451
11.0,14.2,0.1,0.4,102.39259303973428,944.052166860011,1042.3381853093974,1241.8194476198523,0.23963195085525513,4.716143729762493
11.0,15.6,0.1,0.4,89.42950796216589,874.8262490109396,996.2845968625359,1040.5425700409496,0.3145313560962677,4.976049653657408
11.0,17.0,0.1,0.4,79.13631483105979,791.9764470760538,877.541475874044,936.9949220353149,0.4023214280605316,4.673062095884538
14.0,10.0,0.1,0.4,191.72129147478833,1257.6362052870713,1322.4774013464605,1403.0174413906514,0.06829199194908142,3.453171788489228
14.0,11.4,0.1,0.4,172.04485484348137,1155.2922740989643,1255.16557482357,1370.061431308666,0.08488839119672775,4.681251985724201
14.0,12.8,0.1,0.4,140.6169035465303,1070.3350478572233,1196.7719028788167,1308.995441798672,0.12701794505119324,4.709635855431799
14.0,14.2,0.1,0.4,89.53922584250246,998.2676440153487,1148.4669625562867,1219.313848337117,0.3123769462108612,5.043886754058406
14.0,15.6,0.1,0.4,93.95534279975469,939.5273778165556,1102.8325804477035,1181.9355815709694,0.2840745449066162,4.370569604886085
14.0,17.0,0.1,0.4,81.5024288287572,872.4955533294471,1042.2564617223907,1054.7459201219815,0.378153920173645,5.225034109167074
17.0,10.0,0.1,0.4,167.9006924646817,1266.7400212429452,1352.7896007197169,1398.1627128186335,0.08886120468378067,3.9542722129983887
17.0,11.4,0.1,0.4,138.65627504547666,1175.9834811828866,1329.6342325146375,1332.4376703960838,0.13019081950187683,4.312914868786408
17.0,12.8,0.1,0.4,118.79285708439373,1091.0168371749446,1271.463240435291,1277.605419117385,0.17756326496601105,5.4167588834661595
17.0,14.2,0.1,0.4,106.27158321142906,1020.0625487806051,1163.8466764622917,1222.0501747502133,0.22281847894191742,4.411558145628279
17.0,15.6,0.1,0.4,83.79263011344544,971.5179103478793,1178.6681503943553,1186.059502054825,0.3565255105495453,4.645890387041972
17.0,17.0,0.1,0.4,77.8050080927807,901.8526712159686,1025.150571687311,1053.6829348486424,0.41482460498809814,5.14363495059265
20.0,10.0,0.1,0.4,233.18508061027268,1261.0441393142305,1333.308924478428,1457.005175203337,0.04634345695376396,4.211921829096214
20.0,11.4,0.1,0.4,162.45926002418125,1183.109487028613,1302.539788589556,1393.59037920498,0.09544408321380615,5.371771721270475
20.0,12.8,0.1,0.4,127.97147017998758,1114.4732196820764,1287.4131527236038,1339.064927932348,0.15280787646770477,5.366270272924967
20.0,14.2,0.1,0.4,126.33584702992502,1039.0848076320958,1241.2735157190261,1281.4696025932208,0.15712334215641022,5.112248635034263
20.0,15.6,0.1,0.4,103.94272168159269,990.0739849596087,1198.416436942583,1237.9017753222304,0.23204660415649414,5.306837565877085
20.0,17.0,0.1,0.4,95.09895160388935,933.5383145272039,1089.4584424757902,1177.7231670405477,0.2773422598838806,5.2140037056580155
5.0,10.0,0.1,0.48,147.49498259762058,818.8635484373953,903.5410192466064,1521.8342694960766,0.11505751311779022,4.386716131696383
5.0,11.4,0.1,0.48,126.29031400793843,763.0907401149636,812.0531911220666,1404.1338601483276,0.15730902552604675,4.653463511910673
5.0,12.8,0.1,0.48,110.55056457515848,716.5910756598875,735.9074713002024,1067.9657603255093,0.20604754984378815,4.873657267787218
5.0,14.2,0.1,0.48,99.94944193993241,668.2333523693585,675.1003407557844,876.7222570459542,0.25289618968963623,4.5645820272561
5.0,15.6,0.1,0.48,91.04346023606485,587.3394440686038,637.0890183529453,652.1168446448335,0.3074151873588562,4.799997796436038
5.0,17.0,0.1,0.48,84.61987532521744,525.0217907297975,582.5225473136269,597.0896493889743,0.3567318320274353,4.317243540738627
8.0,10.0,0.1,0.48,167.46891147260368,1104.9378635378453,1154.7190528892102,1532.7846134647727,0.08932124078273773,3.487402851475783
8.0,11.4,0.1,0.48,140.59048895129274,1040.8246988297306,1044.2787534924798,1469.7154748784722,0.12684735655784607,4.4239138322536276
8.0,12.8,0.1,0.48,124.16814792900449,958.1690445618198,987.4305114100996,1299.7108823073195,0.16312745213508606,3.9912219469947106
8.0,14.2,0.1,0.48,107.02744523177914,878.962253862875,938.7401991041158,1074.9440330063583,0.2199534773826599,4.380576638760774
8.0,15.6,0.1,0.48,97.19275297033536,810.7808050804077,893.2609552657176,966.8888390921521,0.2669737637042999,4.307307754908865
8.0,17.0,0.1,0.48,90.735787746273,727.2068808355735,816.5451503114631,835.7920043365376,0.307231068611145,3.700881502529613
11.0,10.0,0.1,0.48,184.96353555916212,1282.208497010751,1291.746721099659,1509.4751080267174,0.07330864667892456,3.0916014828898457
11.0,11.4,0.1,0.48,153.10903549347694,1174.2000595457778,1224.087826695534,1469.7888183930356,0.10688721388578415,3.4127743665475943
11.0,12.8,0.1,0.48,150.86800911987805,1078.0971561383355,1164.3004370848232,1362.1998249489463,0.11069031804800034,3.023810300402789
11.0,14.2,0.1,0.48,135.21468379611514,1005.8127686196472,1115.226925434738,1307.0273688141392,0.13771381974220276,3.4898867166956946
11.0,15.6,0.1,0.48,109.65035894997769,931.9905214616954,1064.6472873517878,1126.432911537585,0.20967313647270203,3.3283801208035606
11.0,17.0,0.1,0.48,99.55116034255855,828.6613907285773,901.4264680279501,1000.1863391446489,0.25556865334510803,3.714911592461165
14.0,10.0,0.1,0.48,199.77600964137875,1341.013851359859,1414.03115927269,1464.741152140477,0.0629458799958229,3.008225413960386
14.0,11.4,0.1,0.48,191.75087685614426,1233.2523993508707,1344.0174500053438,1436.2543922158923,0.06841953843832016,2.7393249170978384
14.0,12.8,0.1,0.48,157.8840184113572,1140.6497216854236,1282.245875389264,1361.1000470510462,0.10102787613868713,3.1592011390998773
14.0,14.2,0.1,0.48,115.8631166159312,1063.2759531168022,1229.9867799290412,1254.6566078454791,0.18727873265743256,3.5038210353159753
14.0,15.6,0.1,0.48,117.05333107979493,1000.3519702553157,1179.8986242048954,1198.304810912663,0.18377086520195007,3.3636265592700187
14.0,17.0,0.1,0.48,102.49986985974598,927.3372080614133,1073.6633467797792,1101.0108619779667,0.24001222848892212,3.470612253432195
17.0,10.0,0.1,0.48,205.05381233993907,1355.5467526851955,1415.9881063703365,1499.3418857396448,0.05977551266551018,3.0420708031177397
17.0,11.4,0.1,0.48,177.21934576918736,1259.1877651137395,1394.2654876754873,1429.8794327474036,0.07995138317346573,3.688504278413584
17.0,12.8,0.1,0.48,141.76344679879654,1165.0949460627553,1323.9090051708781,1364.0673220724027,0.1250574141740799,3.673282834974996
17.0,14.2,0.1,0.48,130.93295147354368,1088.6706023293445,1224.8217856641836,1300.0266133550772,0.14715756475925446,4.268877142877459
17.0,15.6,0.1,0.48,106.93212064958435,1037.0243997783607,1221.8779667665813,1262.5335647419313,0.21954751014709473,3.390425775724729
17.0,17.0,0.1,0.48,99.19312662248956,962.0908223723218,1074.360595812341,1092.3232196828903,0.2561274468898773,3.3512689438608025
20.0,10.0,0.1,0.48,258.916809273645,1353.2850780975045,1392.503623246127,1566.311157403207,0.03772008791565895,3.0170018490211725
20.0,11.4,0.1,0.48,188.4791667893241,1267.8483745513922,1358.4521956802982,1497.5741340410896,0.07077398151159286,3.3884994721546033
20.0,12.8,0.1,0.48,160.39947837422753,1192.7932475701432,1339.7394668477805,1437.824906436318,0.09753607958555222,3.0094681177739386
20.0,14.2,0.1,0.48,143.19551332392146,1111.4862736062541,1285.3923059220617,1375.7871498190616,0.12259705364704132,3.0379281769779705
20.0,15.6,0.1,0.48,124.7398367032665,1057.0039235745617,1232.9857681710803,1326.7355378163168,0.161556214094162,3.191775600339188
20.0,17.0,0.1,0.48,111.92474045760446,995.0520763312416,1112.710470742822,1256.9779138892654,0.20078390836715698,3.258397060759552
5.0,10.0,0.1,0.56,183.08210954213993,860.427103006765,946.047311437953,1589.7316775927818,0.07491898536682129,3.3292805993249805
5.0,11.4,0.1,0.56,156.72759415705468,803.4026642309867,851.3890934406385,1480.0861789020241,0.10249486565589905,3.3097900429232965
5.0,12.8,0.1,0.56,137.5500070874167,754.8344543912009,772.4940796974886,1156.126806447425,0.1336396336555481,3.749023504240253
5.0,14.2,0.1,0.56,124.04722544080472,704.3624205521946,712.8749589820019,978.0535339398778,0.1647944450378418,3.4592495433454187
5.0,15.6,0.1,0.56,112.97505423160587,632.7456719572014,672.748010622356,733.6365048888408,0.20047913491725922,3.3940067421975746
5.0,17.0,0.1,0.56,104.82124617279764,567.3505059970703,629.0113211907126,655.3523599572769,0.23342165350914001,3.3948750554529066
8.0,10.0,0.1,0.56,201.95312292843516,1162.3465282716577,1210.6884878744636,1601.7923241394383,0.061618827283382416,2.731717625839781
8.0,11.4,0.1,0.56,173.21903818706957,1095.5250543530462,1096.5303664638545,1531.9575573152933,0.08385356515645981,2.9963140117506963
8.0,12.8,0.1,0.56,152.2648973527079,1005.3335535857448,1040.341613473412,1364.9339933963597,0.1089015007019043,2.939244207729638
8.0,14.2,0.1,0.56,132.54872155927052,924.2837629050983,990.8837823946428,1137.0176149630154,0.14406102895736694,3.235287576237965
8.0,15.6,0.1,0.56,120.56449768762272,852.018422303846,942.0931430113388,1015.3390803961477,0.17437414824962616,3.2252269023203763
8.0,17.0,0.1,0.56,112.4837533920261,766.9936415061644,875.4140343660747,880.6344532933446,0.2008938491344452,2.912976407683577
11.0,10.0,0.1,0.56,214.45282161410208,1349.7793670663702,1362.1452507557804,1572.013098619032,0.05468674749135971,2.5383893406643017
11.0,11.4,0.1,0.56,185.4860781645855,1236.334645236725,1292.9280106176443,1531.1843351663658,0.07305652648210526,2.6343303474213173
11.0,12.8,0.1,0.56,171.54158846372397,1135.213864381055,1230.2527916117492,1429.579310658787,0.08574271202087402,2.608871063679827
11.0,14.2,0.1,0.56,151.2339203329031,1055.4707128018338,1176.4866481559145,1321.8274073801394,0.11048844456672668,2.5982496547691936
11.0,15.6,0.1,0.56,132.47118045033238,978.1339720807835,1123.7778466396626,1129.7312913245044,0.14447984099388123,2.744030126325605
11.0,17.0,0.1,0.56,118.24739221784452,887.8215572222741,978.5276445452267,1053.2685305429645,0.1815217286348343,2.7383343718964417
14.0,10.0,0.1,0.56,243.52349436729278,1414.944414261969,1495.266507661425,1526.9296369757164,0.04254505783319473,2.452153966908606
14.0,11.4,0.1,0.56,212.45255863155526,1300.3065888932117,1421.5032365707973,1489.42435432948,0.0558704175055027,2.451961422023461
14.0,12.8,0.1,0.56,179.65758049215285,1201.45613213087,1355.609991556434,1409.8843350524771,0.07822877913713455,2.73288528304194
14.0,14.2,0.1,0.56,143.20115240305202,1120.89823968612,1294.6890064857394,1301.2225618511566,0.12309730798006058,2.715669380571293
14.0,15.6,0.1,0.56,135.6626765631485,1054.7567183151875,1236.7204819037247,1247.7696359466088,0.13715754449367523,2.743282511797586
14.0,17.0,0.1,0.56,122.45888446453426,973.8182808071173,1088.0108053320594,1123.0409407422862,0.16878603398799896,2.718266401548029
17.0,10.0,0.1,0.56,241.62990629446648,1433.4780775612235,1472.681266399737,1588.9623955765865,0.04321964457631111,2.096129693735771
17.0,11.4,0.1,0.56,202.77162561258086,1331.994121610928,1445.2934432752847,1515.5855389003564,0.061242248862981796,2.7688043294085065
17.0,12.8,0.1,0.56,165.1425871534872,1230.3582812768445,1368.7803323935934,1445.1762233334803,0.09242715686559677,2.6289089181258323
17.0,14.2,0.1,0.56,150.7067998784237,1151.5540238063588,1271.890421438859,1388.178938731358,0.1113365963101387,3.006810173907035
17.0,15.6,0.1,0.56,130.54163745379998,1094.3913368535707,1239.5486839121309,1335.2543250346673,0.14789141714572906,2.509738207116238
17.0,17.0,0.1,0.56,120.1048340817538,1012.9939131001327,1092.0073341410045,1142.7905094930811,0.1753399521112442,2.429468313908022
20.0,10.0,0.1,0.56,285.3316261564272,1431.5477340401155,1439.1403296854062,1661.2770966276855,0.03117230348289013,2.7175382356842324
20.0,11.4,0.1,0.56,215.9250246487804,1341.5816785897657,1404.46474392254,1589.285009964541,0.05407431349158287,3.316561133698874
20.0,12.8,0.1,0.56,186.63880879349938,1258.4562851959772,1379.3227239349571,1522.9629767569274,0.0722351148724556,2.745365198983653
20.0,14.2,0.1,0.56,167.65576452607,1173.4071060335814,1319.5363500574358,1457.3678205385959,0.08970636874437332,2.41023565966374
20.0,15.6,0.1,0.56,146.3196401651054,1115.3529502430442,1257.2656942932672,1404.1788461799345,0.11782161146402359,2.4579775100035746
20.0,17.0,0.1,0.56,133.05551929249884,1048.5597541613893,1123.448452136616,1326.5554078665705,0.14265789091587067,2.374658123207274
5.0,10.0,0.1,0.64,220.3406427601518,896.0681999287253,982.3864011746899,1650.27371341045,0.051924534142017365,2.6179557017659634
5.0,11.4,0.1,0.64,188.8063726210072,838.89343982311,886.0835771271794,1561.2961551616609,0.07088098675012589,2.639389979143065
5.0,12.8,0.1,0.64,165.65859562688817,789.4740295065371,805.443260924375,1256.4998262949525,0.09247725456953049,2.825435729041557
5.0,14.2,0.1,0.64,149.3081354484301,733.6756979514366,744.8323206963906,1052.3623176495282,0.11429230868816376,2.903626277430904
5.0,15.6,0.1,0.64,135.94601092256755,664.9237162893074,703.6095894310683,824.8627008069568,0.1389857828617096,2.672132794954611
5.0,17.0,0.1,0.64,126.04434141861688,596.9105469325608,657.9482912329815,740.7572434335844,0.16197405755519867,2.62116173582758
8.0,10.0,0.1,0.64,241.83669843294882,1212.1372138699726,1259.319872470091,1662.6434254841652,0.0431535467505455,2.0646168977228085
8.0,11.4,0.1,0.64,207.48811941092885,1141.4756069784714,1146.4943588349493,1588.753359419968,0.05868726968765259,2.261648671384155
8.0,12.8,0.1,0.64,181.05850153324644,1047.085516586448,1087.7617849985418,1424.405785238843,0.07733743637800217,2.25348784659101
8.0,14.2,0.1,0.64,159.14694328670933,964.8134087601519,1036.2538952869243,1228.1768841294886,0.10032859444618225,2.5310972533080105
8.0,15.6,0.1,0.64,145.01682342850773,888.4538639007816,985.0179481733675,1078.4829412472975,0.12109924852848053,2.3597825900949116
8.0,17.0,0.1,0.64,134.74003132971734,802.0508147848954,920.1071265690164,934.1305699544234,0.14067719876766205,2.2273393737088476
11.0,10.0,0.1,0.64,254.70409945475515,1409.8611917667447,1424.2662919573795,1629.6238057562002,0.03893807530403137,1.978737554997708
11.0,11.4,0.1,0.64,218.97649076682484,1289.2081925145826,1352.7653595106779,1582.5645897483407,0.052605003118515015,2.0061374015091107
11.0,12.8,0.1,0.64,196.0569753086338,1184.0494323272171,1287.283807531198,1467.6591810496402,0.06589951366186142,2.1050101373825787
11.0,14.2,0.1,0.64,175.82152593186296,1102.158906185603,1232.2877024978986,1372.1847917253465,0.08199479430913925,2.0449993324250078
11.0,15.6,0.1,0.64,155.83005384341936,1021.8577614187934,1177.0758777881758,1184.4441573763536,0.10480006784200668,2.137722030909572
11.0,17.0,0.1,0.64,141.0990047121601,928.5082011470944,1028.8623486227216,1079.6548102006618,0.12816593050956726,2.054024270870206
14.0,10.0,0.1,0.64,272.85912136980215,1480.2669718578543,1567.307247692741,1577.8996843053344,0.0340045727789402,1.8844027561140628
14.0,11.4,0.1,0.64,238.15951611165505,1360.799509582743,1491.0066495983413,1538.0938084659977,0.04458503797650337,1.9163493115926613
14.0,12.8,0.1,0.64,205.8578909176126,1256.057194090024,1421.4055444610767,1447.9603738219876,0.05980908125638962,2.1063375892336875
14.0,14.2,0.1,0.64,170.6294205868286,1171.7223457315692,1331.0684861498203,1363.4251230909788,0.08705094456672668,2.09412798481107
14.0,15.6,0.1,0.64,160.40056486254917,1101.0298202062975,1256.4621449690192,1306.249925773135,0.09855230897665024,2.362097861971922
14.0,17.0,0.1,0.64,144.75690883203612,1017.5096487637153,1101.445590296613,1181.4748150331272,0.12126446515321732,2.157175459175939
17.0,10.0,0.1,0.64,277.5049653771573,1502.6573827109305,1521.4465260367701,1668.7438217453157,0.032898832112550735,1.765016084168752
17.0,11.4,0.1,0.64,234.93326993277702,1395.2955238839834,1491.4261051607912,1591.686881749405,0.045788511633872986,1.8995243480841253
17.0,12.8,0.1,0.64,196.605768039637,1288.17958713952,1407.6011328793045,1517.0700053380394,0.06548818945884705,2.007027272455573
17.0,14.2,0.1,0.64,177.63559321258057,1205.0804014269984,1306.1802012683593,1453.821422426093,0.08046594262123108,1.9875851179192878
17.0,15.6,0.1,0.64,156.32762219779437,1143.7592312385245,1263.1412593112234,1399.5067322953023,0.10352334380149841,2.155053131053116
17.0,17.0,0.1,0.64,143.8142849147753,1059.3691320603057,1106.877113216438,1208.6682758936827,0.12275356054306032,2.0868135229722493
20.0,10.0,0.1,0.64,341.04394897764223,1495.0326888519664,1504.714097605656,1747.1386106341636,0.021962672472000122,1.7918903487344569
20.0,11.4,0.1,0.64,250.64376368238092,1407.1940750853819,1447.9959675398452,1670.5323902144987,0.04026532918214798,2.000014035509006
20.0,12.8,0.1,0.64,219.84426446394662,1319.4008329396615,1419.0554543466862,1600.879483972737,0.05224059522151947,2.011868647482775
20.0,14.2,0.1,0.64,190.68922288804444,1230.3699139855976,1347.0610077948156,1531.1246557384768,0.06957492977380753,1.9665554286770268
20.0,15.6,0.1,0.64,171.8562282652198,1167.925483917534,1281.7258322619655,1473.271991048016,0.08571279793977737,2.138082667798293
20.0,17.0,0.1,0.64,153.03847548346786,1094.7959580529289,1135.6718564547755,1387.6666033402396,0.10816027969121933,1.8658017784298937
5.0,10.0,0.1,0.72,259.0650441725713,927.8818323309517,1014.4934472440214,1704.2950931987264,0.03772914409637451,1.9907934969733267
5.0,11.4,0.1,0.72,222.4474460454373,870.5894886160097,916.48509013537,1619.0979577386342,0.051280342042446136,2.1178785804925537
5.0,12.8,0.1,0.72,195.09028412875244,819.6077854415257,833.7317727894389,1354.5158279458547,0.06693832576274872,2.338513669898607
5.0,14.2,0.1,0.72,175.69506253973418,761.2408788347439,774.4138126788915,1138.686041894917,0.08289863169193268,2.1772998681094515
5.0,15.6,0.1,0.72,160.0461534271424,692.3602565900901,731.9470882079233,931.3692294852954,0.10056855529546738,2.1936927796502896
5.0,17.0,0.1,0.72,148.0968127095888,620.6981429937158,683.2908614803405,826.0912019350206,0.11772702634334564,2.0085367989608396
8.0,10.0,0.1,0.72,281.72917873677847,1258.5896015371497,1306.1763406922955,1720.136636256669,0.031945839524269104,1.741637056393947
8.0,11.4,0.1,0.72,242.71030501414012,1182.7338766915898,1190.645695585503,1644.834676618402,0.04306698963046074,1.8718204561427478
8.0,12.8,0.1,0.72,213.176665383703,1086.3556009509425,1131.1347076940067,1506.9161793727083,0.05602020025253296,1.8453965532263885
8.0,14.2,0.1,0.72,187.25677402770916,999.6060895257444,1076.7393456841792,1292.2126120388148,0.07282751053571701,1.9117659880145859
8.0,15.6,0.1,0.72,170.4433884062358,922.59550692353,1024.374429816177,1155.7916416190033,0.0880579873919487,2.0123790275488145
8.0,17.0,0.1,0.72,157.31764384665954,833.0312896846993,955.2307406175676,1006.5828408793997,0.10361473262310028,1.8173313684966177
11.0,10.0,0.1,0.72,294.48447873466444,1463.0442998173219,1481.058432038138,1685.4747486083907,0.029263773933053017,1.6364363735121101
11.0,11.4,0.1,0.72,254.17168761178615,1337.004473226657,1406.579816193816,1631.582491438013,0.03920818120241165,1.614637518446595
11.0,12.8,0.1,0.72,226.18103836565078,1229.8178717926985,1340.190133552384,1517.6166157456423,0.04969574883580208,1.6884795305665514
11.0,14.2,0.1,0.72,201.72094706635204,1143.4930501284248,1282.3127144574328,1402.0005906427507,0.06254642456769943,1.7350044485369147
11.0,15.6,0.1,0.72,181.43728243855543,1062.05944277923,1224.8327845086183,1231.3572339078135,0.07763135433197021,1.6780935156529018
11.0,17.0,0.1,0.72,163.67149744588252,968.6917911600453,1096.566437141331,1114.2976658406283,0.09553642570972443,1.7160560712717123
14.0,10.0,0.1,0.72,313.4871151312714,1537.9938637668376,1628.0738191068879,1632.4099833313164,0.025894630700349808,1.535795272481201
14.0,11.4,0.1,0.72,268.012853209905,1414.9759958222774,1553.8207037177485,1581.257411667533,0.03534005582332611,1.5523859412709717
14.0,12.8,0.1,0.72,234.8879587450852,1305.322738116629,1481.0043794457808,1490.4867918956058,0.046116963028907776,1.6563388100105103
14.0,14.2,0.1,0.72,199.77204355302143,1218.3010861816808,1375.8593813815282,1419.758331958453,0.06374511122703552,1.6341027641492782
14.0,15.6,0.1,0.72,184.44966471075134,1143.6838705865334,1280.822790209621,1359.7384688005461,0.07480938732624054,1.8691716629871724
14.0,17.0,0.1,0.72,167.80578896695528,1056.153630977433,1115.3251837054709,1239.1549736635225,0.09058994054794312,1.7359069409351673
17.0,10.0,0.1,0.72,316.57035945436695,1565.2561173495926,1566.5571999208864,1741.407446478072,0.02540266327559948,1.4620853006896246
17.0,11.4,0.1,0.72,274.22439055528156,1451.816591086853,1536.1362277943285,1661.1240989639848,0.03375992923974991,2.0864300147714956
17.0,12.8,0.1,0.72,228.1860964423457,1342.0897995634582,1447.6316262015011,1582.805325863786,0.04880519211292267,1.737679385945947
17.0,14.2,0.1,0.72,205.31713880422302,1255.3363381761405,1342.1754255575902,1518.8569271340484,0.06045244261622429,1.6527830826018832
17.0,15.6,0.1,0.72,183.47515793044107,1189.6739527579564,1285.2560189855121,1458.405923705742,0.07546451687812805,1.6422536044681477
17.0,17.0,0.1,0.72,168.04447837472372,1102.2892119153826,1120.2391074829952,1274.1127499286729,0.09027989208698273,1.5860644273464566
20.0,10.0,0.1,0.72,361.7646016074947,1532.1691642275712,1568.2044852158597,1824.5833424707882,0.01957838609814644,1.61611368208182
20.0,11.4,0.1,0.72,289.2069431527224,1469.2522239830446,1490.1580158510267,1746.408073966951,0.030376354232430458,1.6315641990783165
20.0,12.8,0.1,0.72,252.67134139718803,1376.0761395989634,1452.9996106539686,1671.9832817101305,0.039702631533145905,1.4934948147792193
20.0,14.2,0.1,0.72,217.1174388328584,1283.8035687174604,1378.2174612746787,1598.5457342976804,0.053846605122089386,1.8047296760450762
20.0,15.6,0.1,0.72,194.88749374544457,1215.5001433062682,1300.5471112312587,1535.0732236352776,0.0668853372335434,1.5331896259769808
20.0,17.0,0.1,0.72,177.0012392059262,1137.5577323745495,1142.4638993328147,1442.4539295522293,0.08113599568605423,1.3897036255985433
5.0,10.0,0.1,0.8,298.330956242087,956.5216738614876,1043.337278553677,1755.0578040045893,0.02859656885266304,1.9135034765083307
5.0,11.4,0.1,0.8,256.75735245601726,898.7883126773618,945.6070565351422,1674.5307049258574,0.038606926798820496,1.7226553871084318
5.0,12.8,0.1,0.8,225.30878670471293,847.0340487774662,859.4046024291605,1450.3689502753239,0.050381582230329514,1.9594322993021271
5.0,14.2,0.1,0.8,203.17322474606766,786.9803094115717,801.3945590368099,1278.6639370186374,0.062117785215377815,1.7247405604651536
5.0,15.6,0.1,0.8,184.7055184285748,715.6912034764727,757.1772144194608,1025.5373166212225,0.07576874643564224,1.6987509802708474
5.0,17.0,0.1,0.8,170.8251231879831,641.9597227270425,706.7926990041636,914.1578747558702,0.08874166756868362,1.652661063343975
8.0,10.0,0.1,0.8,325.10795408533914,1299.7530602449046,1345.875533447427,1773.347854233792,0.024127837270498276,1.3299068238790115
8.0,11.4,0.1,0.8,279.5007760170005,1220.032054564069,1230.2326666506656,1691.1918529466288,0.03263324871659279,1.6136108413911205
8.0,12.8,0.1,0.8,244.24804678866377,1119.5630504619992,1168.909949904028,1556.8213782280604,0.04285842552781105,1.5923303918283431
8.0,14.2,0.1,0.8,216.33124448736092,1034.2308899561558,1114.8879985437513,1398.3771426226094,0.05472226440906525,1.6503983691948052
8.0,15.6,0.1,0.8,196.72475212431772,952.7757096450432,1060.1653819899927,1225.99259470499,0.0664096251130104,1.5871393133068856
8.0,17.0,0.1,0.8,181.4654775598573,861.7054460880566,988.2673063303336,1085.6548340755885,0.07816540449857712,1.4766344538320597
11.0,10.0,0.1,0.8,339.82794597059416,1512.3867397321394,1532.6618813902037,1735.1898010726188,0.022105373442173004,1.2516132474637953
11.0,11.4,0.1,0.8,291.58256041280094,1386.584544030268,1457.9761920766873,1680.2796230882411,0.029913578182458878,1.3089661386406175
11.0,12.8,0.1,0.8,256.90124587868854,1269.905105616708,1387.4248129891807,1560.1653873225177,0.038674961775541306,1.3418221935284966
11.0,14.2,0.1,0.8,230.02546013202144,1182.394811332286,1327.819885999467,1429.229800229335,0.048329632729291916,1.3307919437974756
11.0,15.6,0.1,0.8,207.51762581597015,1098.0639416822596,1261.2585519922882,1267.7449473832696,0.05957692116498947,1.4155837479668745
11.0,17.0,0.1,0.8,188.321606437993,1002.397354495337,1110.6410300214725,1181.897372094947,0.07239994406700134,1.4737603779693376
14.0,10.0,0.1,0.8,358.2599715440107,1593.0968557046103,1677.7370999128361,1693.1260852997705,0.019948000088334084,1.333143471301969
14.0,11.4,0.1,0.8,309.8211754875571,1466.7165521139596,1611.4770609948298,1625.12417736942,0.026589712128043175,1.296497092840071
14.0,12.8,0.1,0.8,268.4333238625903,1350.4337525257647,1526.4132896548274,1535.0305302496217,0.03547756001353264,1.35374778427713
14.0,14.2,0.1,0.8,230.54177102628944,1261.4014519624145,1395.8186670167975,1471.5145758133222,0.04811902344226837,1.446634564809737
14.0,15.6,0.1,0.8,212.0842082277371,1182.5846092955737,1296.3342378058703,1407.9918191861875,0.056845761835575104,1.5485028129987308
14.0,17.0,0.1,0.8,193.00449574247742,1091.9934545016451,1129.4865766606322,1309.0933975243993,0.06874287873506546,1.4464533201920147
17.0,10.0,0.1,0.8,359.6670938815264,1612.924158399618,1622.7272854512323,1807.8062523237518,0.01979117840528488,1.3489447375051162
17.0,11.4,0.1,0.8,311.39242487535336,1509.2561809191677,1575.205868974107,1726.2040671064253,0.02630455605685711,1.3332453168594984
17.0,12.8,0.1,0.8,263.3553190470024,1390.5649535987184,1484.5793655183265,1642.5039428873347,0.036823730915784836,1.6466138448114243
17.0,14.2,0.1,0.8,235.9502300689046,1301.6961756527069,1376.959214712542,1574.5124428769755,0.04594796150922775,1.3652635681021288
17.0,15.6,0.1,0.8,211.52966361117123,1230.671776990085,1304.904361727211,1510.369014054157,0.05702629312872887,1.385327346487244
17.0,17.0,0.1,0.8,193.81192100826001,1134.495580920899,1142.2395963368942,1349.502936033552,0.06810068339109421,1.5217494476897246
20.0,10.0,0.1,0.8,401.777490192366,1574.6991427582122,1626.560354687837,1895.574973018294,0.015953078866004944,1.1725202148087006
20.0,11.4,0.1,0.8,326.733550777227,1521.9942265982522,1525.161009565754,1812.4945169248765,0.02391801029443741,1.2316930014451095
20.0,12.8,0.1,0.8,286.75184688189967,1426.1517648178653,1483.5387143744044,1735.3268948715283,0.030970608815550804,1.302701832415895
20.0,14.2,0.1,0.8,245.52068269666773,1327.6239633340126,1398.7040885976103,1656.8582587259543,0.04230048134922981,1.313372642797218
20.0,15.6,0.1,0.8,221.63236994727652,1257.1868800264224,1314.196821077323,1589.6144042870608,0.05193827301263809,1.307255241314554
20.0,17.0,0.1,0.8,200.59767049899156,1153.8734024889188,1175.6550293740202,1491.920653294762,0.06338349729776382,1.3256188161856572
5.0,10.0,0.2,0.4,116.27571242895685,775.0695186657849,859.2028890806505,1444.1745749021343,0.18468858301639557,5.5151538637864705
5.0,11.4,0.2,0.4,99.54206626750766,720.5977577264271,770.7904086690613,1373.8267723626138,0.2523925006389618,6.099529515245323
5.0,12.8,0.2,0.4,86.80784203795379,675.1582838718921,695.6306748268947,962.4502324799876,0.3331106901168823,6.485059441413987
5.0,14.2,0.2,0.4,78.0843342931556,630.0668904713375,635.0955813248174,797.9796056411777,0.4126076102256775,6.273645589942019
5.0,15.6,0.2,0.4,71.1435276103751,530.4127724566258,597.3554113354324,599.1734030339398,0.5008784532546997,6.482678603185583
5.0,17.0,0.2,0.4,66.2852998114685,462.6254802917154,532.7534604278512,561.2362243121183,0.5788134336471558,6.076660533829757
8.0,10.0,0.2,0.4,126.8147587633281,1042.4492014186387,1092.7992324282673,1456.5857071894468,0.15527766942977905,4.579147983394443
8.0,11.4,0.2,0.4,113.01626827372684,980.8542683016898,988.6762239561908,1401.0376319520908,0.19574929773807526,4.526036262971478
8.0,12.8,0.2,0.4,98.62412586290189,905.5707153824786,928.7069176481318,1264.5900576308334,0.2575709819793701,5.387129639625819
8.0,14.2,0.2,0.4,83.30346152185236,828.8023618748499,882.1747698374437,1014.5069972366962,0.3615889847278595,5.019891233362196
8.0,15.6,0.2,0.4,75.79920607988983,763.1512166458218,838.9199072737349,903.20212289646,0.4372643828392029,5.341428734356213
8.0,17.0,0.2,0.4,71.03319790280707,669.7204972865959,737.0098122628318,786.3004871946497,0.4997117221355439,5.335829629585363
11.0,10.0,0.2,0.4,139.5627144634219,1209.505656656411,1213.7645764601225,1434.8696864183519,0.12828335165977478,5.050825525231075
11.0,11.4,0.2,0.4,133.96367507115326,1106.6218043711806,1149.3020398534263,1404.119689468269,0.13951238989830017,4.954237557439553
11.0,12.8,0.2,0.4,124.21929527256138,1022.6095619989632,1095.3124712546746,1347.3819802832418,0.1623816341161728,4.843766243381324
11.0,14.2,0.2,0.4,89.19068014308611,946.535569663227,1044.7567223423705,1259.897898370239,0.31459712982177734,4.916636242894191
11.0,15.6,0.2,0.4,88.99133743704036,876.9918235310183,999.3786578523344,1036.5786657875838,0.31778812408447266,4.858689537108943
11.0,17.0,0.2,0.4,88.76310041884871,753.073758288082,834.9261854191165,939.4936940623093,0.3212333619594574,4.676775704911844
14.0,10.0,0.2,0.4,165.09095911114537,1260.658131300577,1326.4575676326815,1397.4687010240164,0.09191158413887024,3.9208406924103385
14.0,11.4,0.2,0.4,132.97912984810253,1156.9842134430853,1258.9029079139107,1363.4607808973283,0.1414983570575714,4.041991394541202
14.0,12.8,0.2,0.4,165.18750507564104,1074.3268431183567,1201.4691647552343,1317.6493787378115,0.0923568457365036,4.266785365086019
14.0,14.2,0.2,0.4,93.92606743295552,1003.0329230406161,1151.4514334947528,1241.8064065200579,0.28375542163848877,5.425024310207028
14.0,15.6,0.2,0.4,93.24299256136193,940.1019279373714,1106.3729103023027,1154.441890131891,0.28885623812675476,4.494238171942045
14.0,17.0,0.2,0.4,77.53774896327275,874.013626623812,1045.2929832839693,1050.784067448514,0.41750606894493103,4.724019966852167
17.0,10.0,0.2,0.4,162.38051584251636,1275.031905284963,1356.7957274625726,1405.0432045522682,0.09494374692440033,4.553118949351083
17.0,11.4,0.2,0.4,151.81201843246401,1177.2647278140844,1329.230538721783,1335.1695064988671,0.10882174968719482,5.011476313273164
17.0,12.8,0.2,0.4,133.75528912086713,1096.91155380721,1276.3833496671518,1285.550155048095,0.1404402107000351,4.176483274443876
17.0,14.2,0.2,0.4,113.16501074197757,1027.0025889183455,1201.71368931232,1225.7125721965374,0.19652265310287476,4.860056610775482
17.0,15.6,0.2,0.4,102.12388531170416,974.9078280458458,1182.1579122309395,1184.4013434002466,0.24054457247257233,4.802572969572081
17.0,17.0,0.2,0.4,80.55863096753967,912.7074578868903,1062.1438390977805,1117.588609096213,0.3866560459136963,4.37952340311792
20.0,10.0,0.2,0.4,198.52707449002915,1264.3655696554886,1321.9550686277983,1460.4480936510176,0.06384192407131195,3.335873469103556
20.0,11.4,0.2,0.4,165.0017225921123,1185.308094097263,1303.777092879584,1396.8382687982933,0.09211590886116028,4.343624585820136
20.0,12.8,0.2,0.4,152.41877249296178,1117.932045082233,1290.1769669250837,1342.1250433076802,0.10835468769073486,4.222532132334373
20.0,14.2,0.2,0.4,132.38525882185203,1038.0819837287063,1235.0845954252454,1282.566297783623,0.1433062106370926,5.006056258616746
20.0,15.6,0.2,0.4,109.26460455926491,991.6500333927418,1203.139328640273,1240.6900841445097,0.2099122554063797,4.482306810909295
20.0,17.0,0.2,0.4,94.61105930832287,938.2435704952894,1090.659034696896,1181.9068030971919,0.2800484299659729,3.8373952847121475
5.0,10.0,0.2,0.48,150.04819749001948,822.3980685584025,908.3040505993293,1524.0391439229038,0.11120525747537613,3.94199023119663
5.0,11.4,0.2,0.48,128.41054608212912,766.551610268359,815.7712509482602,1433.054235405894,0.15215127170085907,4.343338066038166
5.0,12.8,0.2,0.48,112.2352872203414,718.8042086432404,737.9964403929929,1062.5678078438386,0.20000581443309784,4.545593006990489
5.0,14.2,0.2,0.48,100.88051247572508,669.2771803124434,677.3094402075233,853.1693055008265,0.24849629402160645,4.576721713758196
5.0,15.6,0.2,0.48,91.96629264595973,590.3166515904223,639.351446316176,655.5683100028943,0.30131417512893677,4.294460047892626
5.0,17.0,0.2,0.48,85.4211635528507,527.556769329061,585.8059288807093,598.2344505484183,0.35008496046066284,4.500853074083035
8.0,10.0,0.2,0.48,162.52245428678305,1108.1971433693247,1158.1141504123043,1535.0820847383986,0.09480287879705429,3.5213520567630257
8.0,11.4,0.2,0.48,144.48582634423266,1044.6187953085655,1047.557521332913,1470.3441222416157,0.1201566830277443,3.4371878872633963
8.0,12.8,0.2,0.48,125.02974923354189,959.1465301602676,989.2892419903932,1302.9607932336792,0.16091100871562958,3.6853234197096247
8.0,14.2,0.2,0.48,107.73477069396448,881.5168384038942,941.4449643265857,1091.4370040213023,0.21703878045082092,3.9276093427670657
8.0,15.6,0.2,0.48,98.25758612505598,810.773805662825,895.3573572833494,953.55906055474,0.261460542678833,3.9620807491383156
8.0,17.0,0.2,0.48,91.4257675688879,715.0477835384295,784.6683074337128,837.5248762143569,0.30320850014686584,3.558806054052346
11.0,10.0,0.2,0.48,174.9460806874917,1287.21007960807,1294.921986113834,1508.1264228713042,0.08187907189130783,3.007815658938861
11.0,11.4,0.2,0.48,172.2586592496344,1178.632313634566,1228.2371781479212,1476.9677914454548,0.08455643802881241,3.3596029992436387
11.0,12.8,0.2,0.48,147.55848482734828,1086.753803525713,1169.517737130534,1401.4600609552633,0.11541910469532013,3.2598298189603794
11.0,14.2,0.2,0.48,116.99328640584051,1006.9056506618097,1116.569797556728,1301.8794288306758,0.18351924419403076,3.857165294885933
11.0,15.6,0.2,0.48,111.28810157497873,931.9703998082883,1067.2690412281654,1082.3328558065875,0.20411354303359985,3.392830646975278
11.0,17.0,0.2,0.48,106.1644033727239,808.9727466321493,888.2470243031584,1001.3785630288675,0.22530703246593475,3.4109992316430757
14.0,10.0,0.2,0.48,185.74124828840894,1345.3644600652626,1419.2452006351573,1463.051105124858,0.07271935045719147,2.982689239848943
14.0,11.4,0.2,0.48,164.33627984319594,1233.4354486073937,1346.7930540517073,1424.7635008542863,0.09293767809867859,3.196638204638895
14.0,12.8,0.2,0.48,183.31837949367616,1143.212236846651,1285.6318558451435,1364.921821656037,0.07520496100187302,3.2147930203552977
14.0,14.2,0.2,0.48,123.91479002694997,1068.3673875927434,1232.5653823112004,1279.7805826601568,0.16369961202144623,3.429150809202467
14.0,15.6,0.2,0.48,115.41823287748704,1001.1869756054983,1183.5481875034745,1184.4264804114569,0.1892080008983612,3.6941272452171328
14.0,17.0,0.2,0.48,98.64593841283278,929.2861386559716,1072.6164007659888,1081.4351741881333,0.25890427827835083,3.4143110691531118
17.0,10.0,0.2,0.48,192.15354112922572,1363.3256486107598,1418.0466096929315,1506.371739827463,0.06797628849744797,3.1992885099360975
17.0,11.4,0.2,0.48,183.53072665213077,1257.988009606911,1389.773609885684,1432.2846236463913,0.074637770652771,3.3148774882063297
17.0,12.8,0.2,0.48,156.15345142959092,1169.797817827431,1331.6617097647018,1368.2674102659635,0.10324560850858688,3.1137795881500745
17.0,14.2,0.2,0.48,135.8496616534596,1097.359107434473,1252.9973996348956,1314.7242079017756,0.1365310251712799,3.319982519891293
17.0,15.6,0.2,0.48,123.82872228725564,1039.7682080274699,1207.321110021429,1265.9917881169376,0.16426166892051697,3.6897783075503208
17.0,17.0,0.2,0.48,101.37171816328059,970.2398900717386,1082.0998895282248,1133.1580487554402,0.2451120316982269,3.2788312441731304
20.0,10.0,0.2,0.48,245.77279415502008,1357.6548481071645,1386.8106711476405,1571.1806339710333,0.041786499321460724,2.4438035111290755
20.0,11.4,0.2,0.48,208.70573216025733,1268.9691772580566,1362.5065958542395,1500.5235808834923,0.05784686282277107,2.8369374229963555
20.0,12.8,0.2,0.48,177.12089421248683,1195.8890096205248,1342.790142768756,1441.0840728655496,0.08011480420827866,3.0767023552609696
20.0,14.2,0.2,0.48,158.1255019654994,1109.714196465032,1274.9244711333022,1376.7524514771892,0.10079912096261978,3.2994616672605797
20.0,15.6,0.2,0.48,122.51602068549663,1059.618464989585,1237.9017751288225,1330.375593814977,0.16731281578540802,3.5016090420352155
20.0,17.0,0.2,0.48,111.86150930373073,999.8267064206042,1111.3721156214233,1261.9414221331856,0.20091071724891663,2.9616067148838385
5.0,10.0,0.2,0.56,185.98062252731245,863.7607080180328,950.5207134031407,1592.7283714280177,0.07262533158063889,3.111550602566061
5.0,11.4,0.2,0.56,159.1715127716141,807.2596879530207,855.8151708832883,1507.3373250743982,0.09935998171567917,3.1468561683205216
5.0,12.8,0.2,0.56,139.2793831051034,757.6714375664504,775.4533355398738,1169.7131187698571,0.13034823536872864,3.227765226959156
5.0,14.2,0.2,0.56,125.31948753834853,705.9606413562502,714.9452920755054,963.999425277626,0.16160492599010468,3.458729133842994
5.0,15.6,0.2,0.56,114.0578111218621,635.1639021256241,674.7992158440305,739.3001858253602,0.1966942697763443,3.2849293723904673
5.0,17.0,0.2,0.56,105.83257232868556,569.6920259588695,631.2289929233626,661.0593520013996,0.2289627194404602,3.3568223445016363
8.0,10.0,0.2,0.56,201.4472807547696,1166.4348977276152,1215.4791636737173,1604.2452117689454,0.06192997097969055,2.6028517928651818
8.0,11.4,0.2,0.56,177.83422456368288,1100.2167779854676,1101.2220999890837,1535.2289440048999,0.07960514724254608,2.66294084263416
8.0,12.8,0.2,0.56,153.04660433811512,1008.179599645009,1043.286775640026,1381.1176757376406,0.10777747631072998,2.7941545831608963
8.0,14.2,0.2,0.56,133.1879745221928,926.4187597372514,993.021565308845,1144.5657026518054,0.142675518989563,2.959933363182621
8.0,15.6,0.2,0.56,121.74785701701114,852.2167839371518,944.5772062105137,1000.7900688212308,0.17112679779529572,2.760392872388397
8.0,17.0,0.2,0.56,112.80409414382655,760.2483495550088,839.9772314486921,882.4288796226551,0.20015177130699158,2.833786361623687
11.0,10.0,0.2,0.56,212.79733236606776,1355.26573067317,1366.0933886248515,1572.606496397003,0.05553654581308365,2.354015481599066
11.0,11.4,0.2,0.56,201.36558712573535,1239.638838694392,1296.57296468428,1535.610457461803,0.06207553669810296,2.6349499981172992
11.0,12.8,0.2,0.56,170.5992671677043,1143.1855869641645,1235.0741207749566,1456.3603437156162,0.0865505039691925,2.6548888837865396
11.0,14.2,0.2,0.56,143.02188172031725,1058.8189778986766,1179.6052979740289,1333.4796590588994,0.1232934221625328,2.6910316939539767
11.0,15.6,0.2,0.56,133.93685722239044,979.9001453846478,1126.8842612028088,1128.2518418730856,0.14139775931835175,2.6061092099189618
11.0,17.0,0.2,0.56,125.3978741434303,872.0604740015726,945.2884810901097,1054.8369538748689,0.16203941404819489,2.6015413146062962
14.0,10.0,0.2,0.56,224.83742267028902,1419.0148427542956,1499.8401191653797,1522.0706233793303,0.04982444643974304,2.1903210063184146
14.0,11.4,0.2,0.56,201.36271228792043,1301.554049460554,1425.2614179275881,1480.7414292058595,0.06214290112257004,2.4015021357088533
14.0,12.8,0.2,0.56,203.55521841390998,1205.125156865924,1359.5834251889628,1415.6978721344638,0.06113724410533904,2.570257472859697
14.0,14.2,0.2,0.56,148.99122723745418,1125.5623752066467,1303.622835763035,1314.6304454422288,0.11366210132837296,2.55159463535121
14.0,15.6,0.2,0.56,136.68021698097746,1054.4776532328265,1211.4150192993266,1250.6920342823546,0.13538749516010284,2.5283193472983934
14.0,17.0,0.2,0.56,120.71255300974478,977.0730513598737,1089.8427913988291,1131.177605062768,0.17357876896858215,2.502836888640814
17.0,10.0,0.2,0.56,231.54851989110938,1441.3449148616453,1474.4010400803152,1595.90422796112,0.046999555081129074,2.209734032673827
17.0,11.4,0.2,0.56,212.3149916567831,1329.8844162497894,1438.788522205535,1517.3813476714931,0.055966127663850784,2.3867214117525006
17.0,12.8,0.2,0.56,178.30366726597927,1234.9639193680125,1376.8809374640457,1449.6472265782488,0.07939751446247101,2.78483018737606
17.0,14.2,0.2,0.56,158.176146620227,1158.572161425902,1287.480239180583,1392.5836210510545,0.10104825347661972,2.5410590390616505
17.0,15.6,0.2,0.56,146.0750764011734,1096.2388939479981,1236.1879588749885,1339.0498977463044,0.11843057721853256,2.7207740590602714
17.0,17.0,0.2,0.56,123.90054128682218,1021.4685940804745,1098.3093141257687,1180.9750515198023,0.16471923887729645,2.381328120059545
20.0,10.0,0.2,0.56,273.3004798948475,1437.1801251041547,1438.469567504837,1667.6057605159253,0.03389197215437889,2.0872472674465907
20.0,11.4,0.2,0.56,233.42954610329645,1343.5109230337125,1409.6040833173286,1592.2436605834012,0.046362169086933136,2.229502539802446
20.0,12.8,0.2,0.56,209.18443238149712,1265.8182333603847,1387.972785347397,1529.3771653598087,0.057652465999126434,2.5247518544671763
20.0,14.2,0.2,0.56,176.04695612344045,1174.1279496584866,1308.617469607099,1460.2555043218827,0.08152807503938675,2.6878567616861666
20.0,15.6,0.2,0.56,144.93081959209908,1118.8276324341994,1261.3962105474293,1408.3044107826115,0.11996161937713623,2.396547839434093
20.0,17.0,0.2,0.56,132.2947742332702,1053.28508491583,1127.0601005879064,1331.9415525500388,0.14406634867191315,2.470364944577902
5.0,10.0,0.2,0.64,223.09257485645452,897.7659936397297,985.318648925628,1652.0050728722833,0.05066395923495293,2.378602778138272
5.0,11.4,0.2,0.64,191.35583816433885,841.276717504962,888.5756778808413,1572.390714617072,0.0690164864063263,2.4100397900808175
5.0,12.8,0.2,0.64,167.75292216330664,791.4162988038863,807.4824506390481,1266.9454509683428,0.09020159393548965,2.563855191843325
5.0,14.2,0.2,0.64,150.8349143594082,736.0017661947045,746.653837728542,1065.1778537596565,0.11198363453149796,2.612108374716463
5.0,15.6,0.2,0.64,137.10454600251185,667.1554672881471,705.7702268591801,835.3935910575636,0.13661441206932068,2.7299727605075796
5.0,17.0,0.2,0.64,127.32785707629326,598.3452185142505,659.3226626139331,744.947894822427,0.15876458585262299,2.6568209103437592
8.0,10.0,0.2,0.64,241.08527430388887,1215.9703022782066,1264.226219348279,1666.1538644033144,0.04341760650277138,2.0215775421862605
8.0,11.4,0.2,0.64,210.6717700140353,1143.9407697277197,1149.503718040451,1590.821735200278,0.05695381388068199,2.025686681367854
8.0,12.8,0.2,0.64,183.1156881345669,1049.3841631873506,1090.53805474859,1448.7853745414939,0.07560806721448898,2.2384692396394668
8.0,14.2,0.2,0.64,160.60515189204884,966.6934120373144,1038.4778346128555,1224.0141115125575,0.09856155514717102,2.1021134124269163
8.0,15.6,0.2,0.64,146.387579636308,889.7998583162239,988.031406575951,1067.3508085716094,0.11894173920154572,2.2397220004241163
8.0,17.0,0.2,0.64,135.06420991242084,800.1649739860527,912.892785424819,921.4152688776956,0.14020603895187378,2.076678944874393
11.0,10.0,0.2,0.64,255.37275225000022,1414.7215141591876,1429.4969863775646,1633.4811037381642,0.038732606917619705,1.8225405491112978
11.0,11.4,0.2,0.64,231.63697171702873,1292.6054743827185,1356.077791242359,1587.5763982027695,0.04707539826631546,1.9552784530709735
11.0,12.8,0.2,0.64,198.28670859352908,1193.1942110865068,1293.1771147607349,1503.1366517541308,0.06429260969161987,2.1761669187715245
11.0,14.2,0.2,0.64,169.96305355605878,1103.4040517511717,1234.0677911385344,1366.5224308226007,0.0876651331782341,2.0873568738650294
11.0,15.6,0.2,0.64,157.80088534429711,1023.5296267063048,1179.1342936402502,1191.2633446656207,0.10222911089658737,2.1404950632906186
11.0,17.0,0.2,0.64,145.67367326441206,927.5272660563884,1018.8688341257417,1077.1501281640408,0.12039593607187271,2.299064958541084
14.0,10.0,0.2,0.64,268.39842153589575,1484.9535562202807,1572.6201238753658,1577.932058225367,0.035126231610774994,1.7309227431505916
14.0,11.4,0.2,0.64,236.2128568755702,1361.1640330015707,1493.462328774679,1532.455051534483,0.045336201786994934,1.8356608458458017
14.0,12.8,0.2,0.64,223.1379334808699,1258.9486267218813,1425.5022224063023,1456.1501031044572,0.051020678132772446,1.940782804077098
14.0,14.2,0.2,0.64,175.9764603641832,1176.028819696624,1350.3578452848512,1366.132366983137,0.08179983496665955,2.0427543870242357
14.0,15.6,0.2,0.64,161.1047289392197,1101.305886410795,1231.4467807753329,1309.7411393266188,0.09788098931312561,1.966552008070404
14.0,17.0,0.2,0.64,143.6453377781714,1019.7609996492323,1102.227283945708,1187.3233537436759,0.12308517843484879,2.0926752821128347
17.0,10.0,0.2,0.64,273.98366849578076,1510.000503194828,1524.0000655728081,1674.828166065621,0.033725518733263016,1.8233537138016094
17.0,11.4,0.2,0.64,248.30460780524314,1394.528672595704,1488.9889941323243,1593.9803645726147,0.04107625409960747,1.7689591196803953
17.0,12.8,0.2,0.64,207.90593503096258,1292.55580482155,1416.8318575141152,1521.2705058599495,0.05861980468034744,2.147003866606735
17.0,14.2,0.2,0.64,183.53727555114517,1211.078372316585,1321.8431431564827,1459.7533793471946,0.07531886547803879,2.034084834865269
17.0,15.6,0.2,0.64,170.23443947220974,1145.0658076753796,1255.886823668122,1402.8116941479277,0.08755335211753845,2.0695739872677987
17.0,17.0,0.2,0.64,146.8511730167078,1066.0682149990291,1110.0580607286581,1233.8392267006448,0.11771319061517715,2.015029458302986
20.0,10.0,0.2,0.64,318.0387446142986,1485.9476992536665,1508.253903427124,1751.7693354486296,0.025168465450406075,1.600511342688945
20.0,11.4,0.2,0.64,265.63307053164004,1409.5355946595325,1453.7459553710207,1674.2765620953905,0.0359300896525383,1.7428410935291947
20.0,12.8,0.2,0.64,225.61299666044405,1324.5124523949016,1419.1007664925519,1605.0035709589952,0.049644581973552704,2.1791879821629405
20.0,14.2,0.2,0.64,198.996666859769,1228.0690222088642,1333.006871913697,1531.7860004062475,0.0640530213713646,2.1360043753165607
20.0,15.6,0.2,0.64,170.37024996178968,1170.0281102340234,1282.4926344207731,1476.2258668902805,0.0871317982673645,1.9580657967087205
20.0,17.0,0.2,0.64,154.62000340222102,1099.7899211028803,1138.2967787880505,1392.3736396030738,0.10584157705307007,1.9262581266637546
5.0,10.0,0.2,0.72,262.0577010610815,930.4603891832945,1018.1857211351495,1708.5176159298546,0.03687986731529236,1.784869860684614
5.0,11.4,0.2,0.72,224.76901899299875,873.1833687092719,919.3729451581132,1626.0968367318446,0.05022307112812996,1.8777149452902209
5.0,12.8,0.2,0.72,197.19966943787267,822.6507245259819,837.020536568952,1371.429605425396,0.06551137566566467,2.0738904699455953
5.0,14.2,0.2,0.72,177.36578779200238,764.0025407262165,776.8788579001825,1157.0933910654994,0.08132065832614899,2.239509233417241
5.0,15.6,0.2,0.72,161.37348067938893,694.4189274355414,734.0483753980326,935.6248361797803,0.09894061088562012,1.9674426864894385
5.0,17.0,0.2,0.72,149.15920547384272,622.3380711198731,685.0877883275444,830.937711377068,0.1160578802227974,2.082984808499556
8.0,10.0,0.2,0.72,283.47111396142276,1261.3454448516702,1308.6959302988223,1721.8972213186237,0.03156647831201553,1.658912008218911
8.0,11.4,0.2,0.72,247.55753367875872,1184.0954646564958,1193.2934448532005,1641.691376464859,0.0414445623755455,1.589048804702508
8.0,12.8,0.2,0.72,214.75928937041908,1087.5856085748308,1133.6670827617609,1505.6469472920048,0.05522759631276131,1.7214260708840912
8.0,14.2,0.2,0.72,189.02176256362392,1002.9214447015389,1079.9782943374016,1303.5376762016244,0.07148000597953796,1.851067436289516
8.0,15.6,0.2,0.72,172.0223408667096,923.2592458250914,1026.7677367425592,1136.9298399430593,0.08655114471912384,1.8364174689349202
8.0,17.0,0.2,0.72,158.82491286432983,834.0888514976087,957.8624476580287,991.3161565379977,0.10177835822105408,1.7324961002435988
11.0,10.0,0.2,0.72,296.81160090887744,1466.5993499588167,1483.7888015808217,1686.5635948101187,0.02881011553108692,1.495079547645663
11.0,11.4,0.2,0.72,264.9521173323933,1340.4278657551135,1409.7644265142999,1635.1662385529833,0.03612150996923447,1.7412352478488813
11.0,12.8,0.2,0.72,229.06971027771354,1237.6121765002388,1345.2272313479152,1548.4497991095993,0.04835136607289314,1.759025953055667
11.0,14.2,0.2,0.72,199.46028016395124,1144.247233895837,1283.6464011543515,1400.083794603017,0.06393817067146301,1.6585057574065003
11.0,15.6,0.2,0.72,182.95366584752864,1063.731771945746,1226.432550023821,1233.0281338894315,0.07636167109012604,1.6045519572617966
11.0,17.0,0.2,0.72,168.66838331952175,969.5152937036145,1093.3256938821642,1104.432719837833,0.09007789194583893,1.7712997538744715
14.0,10.0,0.2,0.72,312.17244662840386,1543.3353709095393,1628.607724933533,1637.1011403733066,0.026107285171747208,1.4014203666727139
14.0,11.4,0.2,0.72,269.7117635802677,1416.169399652117,1556.7663942654478,1578.0238830602516,0.03492005169391632,1.483903500144298
14.0,12.8,0.2,0.72,250.1028190579799,1310.7007459329054,1485.769485307412,1496.8793544748717,0.040760163217782974,1.7348471771302663
14.0,14.2,0.2,0.72,205.09871727702628,1221.391314954027,1379.9614876011958,1422.693112958033,0.060507409274578094,1.6728553891930327
14.0,15.6,0.2,0.72,187.07531748098634,1145.2213908803749,1259.8126626527644,1363.309333477238,0.07288321852684021,1.6908579395149954
14.0,17.0,0.2,0.72,167.94784917701625,1059.2194455097747,1115.510885796754,1253.340143806601,0.09038718044757843,1.5862060139382566
17.0,10.0,0.2,0.72,316.633512534212,1570.0983125678579,1571.2005590798044,1745.9858415414262,0.025387493893504143,1.433385722233887
17.0,11.4,0.2,0.72,286.0381565109335,1452.652844501388,1532.3309612638723,1662.9278379424363,0.031099794432520866,1.3959291814498065
17.0,12.8,0.2,0.72,239.46496325246528,1344.598125752504,1452.4381289204252,1585.9799387636222,0.044391896575689316,1.685102263855218
17.0,14.2,0.2,0.72,211.37007659319764,1260.978025626337,1360.296224763283,1521.848391634672,0.056995853781700134,1.5586600874259853
17.0,15.6,0.2,0.72,194.23966295065003,1189.2057837914479,1272.9491960790122,1459.237263556599,0.06752592325210571,1.6344552137440387
17.0,17.0,0.2,0.72,170.87878275763694,1107.8216459758944,1122.327377218917,1297.2345592166353,0.08727214485406876,1.465053449806448
20.0,10.0,0.2,0.72,352.6247166845476,1528.217539486596,1572.3775647667217,1829.1406147679254,0.020570987835526466,1.320466268375341
20.0,11.4,0.2,0.72,298.26416356408174,1469.9895110627265,1491.9627485053502,1748.75089587371,0.02862185798585415,1.4964106155259447
20.0,12.8,0.2,0.72,255.6590555052687,1380.5541868376122,1453.1943025289677,1676.0200195881848,0.03879871219396591,1.49787025237531
20.0,14.2,0.2,0.72,224.05012008311664,1279.5636403622404,1359.3547338813162,1598.2488857295975,0.050702787935733795,1.7052926963076815
20.0,15.6,0.2,0.72,195.98077950261083,1216.7768835073282,1301.246180168641,1537.3955385872532,0.0661102682352066,1.5303211030581019
20.0,17.0,0.2,0.72,178.27698434688403,1142.7788477446147,1151.9193861283554,1448.0665649286732,0.07987537235021591,1.4779018234147114
5.0,10.0,0.2,0.8,302.4488738826649,960.4468339641298,1049.4352915912086,1759.8574376303402,0.027833592146635056,1.6271352246902808
5.0,11.4,0.2,0.8,259.4132317258302,901.6332677741752,948.6901572871736,1678.044820553055,0.03783383220434189,1.5668789697505257
5.0,12.8,0.2,0.8,227.65115002408487,849.4212727710774,861.9001613650175,1459.1276807304614,0.04935954883694649,1.7661774679041455
5.0,14.2,0.2,0.8,204.81909947684545,789.6528622755549,803.7451335963724,1286.7982631171271,0.06112606823444366,1.8084955559226523
5.0,15.6,0.2,0.8,186.31629561591424,718.3580600155129,759.7005125518909,1032.8370512163774,0.07447274774312973,1.712066142629939
5.0,17.0,0.2,0.8,172.28848430049496,644.6701433587505,709.574356152463,925.9254270684753,0.08720918744802475,1.689923868151236
8.0,10.0,0.2,0.8,326.6022721714916,1304.0943049448947,1351.693726696951,1776.4934434891418,0.023911546915769577,1.3247739372163536
8.0,11.4,0.2,0.8,283.2131486799548,1224.5589884418969,1234.5412270319478,1692.900142704257,0.03180200234055519,1.3674497851184038
8.0,12.8,0.2,0.8,246.9591922372912,1122.1104973674421,1172.4789652480613,1558.8378706886633,0.041941750794649124,1.3510468006321799
8.0,14.2,0.2,0.8,218.35998005570727,1038.2883131011997,1118.7411529293706,1400.5036495320603,0.05370897054672241,1.4170455943437477
8.0,15.6,0.2,0.8,198.58750924658491,954.6901704737681,1063.1494623033072,1214.724521379924,0.06522558629512787,1.611484191362804
8.0,17.0,0.2,0.8,182.94976447144882,864.0389220946852,991.5275545315579,1080.816337705267,0.07694878429174423,1.488274312059274
11.0,10.0,0.2,0.8,341.9056671013554,1516.1506287401037,1536.1031300648458,1738.0572760018038,0.02184557542204857,1.278424277671004
11.0,11.4,0.2,0.8,301.05360872401457,1389.6798436857482,1461.438761894906,1681.234820743416,0.02810756303369999,1.2779324654169866
11.0,12.8,0.2,0.8,262.20044106797457,1277.1556702476814,1391.6197865746026,1585.1444345300715,0.03707493096590042,1.366139391604057
11.0,14.2,0.2,0.8,229.16928558419824,1184.8210833378948,1330.4688008207002,1439.1933155949353,0.048623986542224884,1.3885883604997307
11.0,15.6,0.2,0.8,209.20393124868093,1100.5056957748827,1265.32816177375,1270.2191592277027,0.058612722903490067,1.3741156371256347
11.0,17.0,0.2,0.8,192.1977042206992,1005.7044673487362,1111.8712106012701,1185.7932029791757,0.06955421715974808,1.4253521734700902
14.0,10.0,0.2,0.8,356.2440973348643,1597.7504842063354,1677.0214367917602,1697.3516449202873,0.020169071853160858,1.1697122601024943
14.0,11.4,0.2,0.8,309.1250731720655,1469.9394523395733,1615.483101942493,1624.641814718548,0.026710037142038345,1.3160513679610266
14.0,12.8,0.2,0.8,276.94746619967935,1356.8055048154642,1536.9594275521438,1539.4396915269238,0.03334752470254898,1.2721960640071073
14.0,14.2,0.2,0.8,233.80113465146536,1263.6951942272865,1395.7540290624916,1474.6229933719262,0.04681648313999176,1.3727946922336731
14.0,15.6,0.2,0.8,213.6822312566694,1184.0024241124572,1280.2071452337987,1411.2449632513353,0.05609816685318947,1.340573717132795
14.0,17.0,0.2,0.8,192.77516176256287,1094.7812546566927,1128.6953546921811,1318.3087514885235,0.06887156516313553,1.3608436976144356
17.0,10.0,0.2,0.8,365.15583482871705,1615.7828255950576,1627.9691744456825,1812.0544234041834,0.01921619288623333,1.2337207319835608
17.0,11.4,0.2,0.8,318.5200708484373,1508.3927632975533,1572.5954348586615,1727.2879954863104,0.02518259920179844,1.2919325119301408
17.0,12.8,0.2,0.8,271.52445168586695,1393.6265692151717,1489.407358257873,1646.0645762583836,0.03467124328017235,1.3511887639546476
17.0,14.2,0.2,0.8,240.3373636242112,1304.6173312475748,1384.8677260360432,1577.252603281016,0.04428651183843613,1.3843686406973126
17.0,15.6,0.2,0.8,219.90181329797622,1231.9876421663357,1289.4907569283923,1512.7958925817247,0.05291689559817314,1.3415759028767487
17.0,17.0,0.2,0.8,196.27577909972538,1136.5094316501381,1145.9479915548732,1366.7951829003075,0.0663902536034584,1.3243935481585
20.0,10.0,0.2,0.8,391.5264865175415,1570.413803623281,1631.9682539328523,1900.9855755605424,0.01677471399307251,1.0996564573093526
20.0,11.4,0.2,0.8,331.5639942642322,1523.6405025529052,1528.6176081056597,1816.0630555674416,0.023245567455887794,1.2080339068194577
20.0,12.8,0.2,0.8,289.3417573466306,1429.8897739631338,1484.0831281457533,1739.425641422079,0.03042716532945633,1.140149444550036
20.0,14.2,0.2,0.8,251.98986791974457,1326.6718239143515,1385.1631845687857,1658.1581553902918,0.04025780409574509,1.3532102177611411
20.0,15.6,0.2,0.8,223.2334229690586,1258.9146309327612,1315.7269308408775,1592.9263009613614,0.05116629973053932,1.404390685897327
20.0,17.0,0.2,0.8,202.9764930446633,1161.0589143620584,1181.3357825702308,1497.536022504092,0.06184257939457894,1.29065556670144
5.0,10.0,0.3,0.4,119.05003766865127,781.8085922672423,867.1976928866846,1452.6699301327578,0.1761864274740219,5.20933654257324
5.0,11.4,0.3,0.4,102.15131825686409,726.8112613684305,777.8125543632412,1370.6906216106065,0.23972570896148682,5.779545674490239
5.0,12.8,0.3,0.4,88.70683749905761,680.4393248958621,701.6023583695204,987.3208564663133,0.3189694285392761,6.144325907066533
5.0,14.2,0.3,0.4,79.81789387351837,634.8490342024776,640.0845084536089,813.3506875381808,0.3948846757411957,5.9547989112582105
5.0,15.6,0.3,0.4,72.62730848111336,530.3613206932089,600.7571577070456,603.6015591812172,0.4809565842151642,5.652569800762369
5.0,17.0,0.3,0.4,67.45541908840795,476.1210477682009,540.0695658080124,565.7168116114466,0.5585153698921204,5.689575547236038
8.0,10.0,0.3,0.4,140.68098880179812,1049.16621186674,1101.4673934800676,1463.819485790353,0.126290962100029,4.310548925724605
8.0,11.4,0.3,0.4,114.7620236799649,986.5083005172208,993.3567582814426,1398.5517340127828,0.18993906676769257,5.114734906836742
8.0,12.8,0.3,0.4,97.7113675968139,910.3650953239298,932.7779262980674,1314.3320739350263,0.26216524839401245,5.268521534935306
8.0,14.2,0.3,0.4,84.8322145366926,830.1524291666638,886.7668213822803,958.3145059617815,0.34907740354537964,5.3573921343894995
8.0,15.6,0.3,0.4,77.24834828420992,767.7461787200466,843.1053373540179,918.9242309207533,0.420960932970047,5.205963881309194
8.0,17.0,0.3,0.4,75.42697056666418,664.4630765583353,732.3678485488155,790.7861651121763,0.44396471977233887,5.077318778556865
11.0,10.0,0.3,0.4,148.869698994977,1217.509302554185,1221.2375151567724,1441.6744457328748,0.11281368136405945,4.659080233966448
11.0,11.4,0.3,0.4,143.58856641202263,1118.524277379802,1158.0398129941168,1414.3881747836647,0.12135585397481918,4.007806658657603
11.0,12.8,0.3,0.4,116.64111608935451,1029.150007927124,1101.2727410958923,1350.8415184903208,0.18397748470306396,3.847581700477166
11.0,14.2,0.3,0.4,92.9657248243124,951.846792113999,1050.3123532302661,1257.257594476397,0.2897242605686188,5.204593814573411
11.0,15.6,0.3,0.4,89.442415796456,877.9815723610084,1003.5893070883468,1019.2218715871142,0.31461548805236816,5.054002903664009
11.0,17.0,0.3,0.4,93.03967371546912,768.2354776581182,840.7359807396928,944.0555664829958,0.29250943660736084,4.655147347030736
14.0,10.0,0.3,0.4,146.75018279169686,1268.5554197730546,1333.7371857387302,1398.1754852667289,0.11609925329685211,4.22905516419984
14.0,11.4,0.3,0.4,140.59134439577244,1163.0631991105827,1264.706076972801,1367.1063233249624,0.12673208117485046,4.456353854401692
14.0,12.8,0.3,0.4,103.54589699030167,1078.1643094699068,1206.9986107653299,1312.3464766417005,0.23326632380485535,4.3686279407001765
14.0,14.2,0.3,0.4,90.91452167279627,1008.2043678749058,1157.8432151311465,1225.33734195632,0.3029237985610962,4.526465003918346
14.0,15.6,0.3,0.4,82.98941658014724,944.7464450532779,1110.5701936511762,1167.2122333012992,0.36374330520629883,4.392645693804518
14.0,17.0,0.3,0.4,77.67161987662665,883.0137231599427,1052.0208054853906,1076.7635639186215,0.41524481773376465,4.482598462294664
17.0,10.0,0.3,0.4,155.99705119901057,1281.0632248046036,1360.5600488998766,1412.0780636180343,0.10282517969608307,4.554797780772239
17.0,11.4,0.3,0.4,162.90403091537988,1182.9273644702341,1331.3364718185712,1341.4732329937115,0.09459920972585678,3.699361887411716
17.0,12.8,0.3,0.4,129.6278947391901,1103.2767531553206,1282.6968686843115,1286.708096799193,0.14938105642795563,4.627642259061772
17.0,14.2,0.3,0.4,107.55812257241094,1034.2944419310224,1232.6281079568557,1233.928266594249,0.21662798523902893,4.952107848620496
17.0,15.6,0.3,0.4,125.79190004157411,978.5810726146684,1173.409434536668,1186.8859286396682,0.1592545360326767,3.5642445028549945
17.0,17.0,0.3,0.4,92.13211300587086,917.4179706313487,1067.226516443581,1125.5858989547576,0.2959393858909607,4.38771042297502
20.0,10.0,0.3,0.4,150.4937700427308,1271.4879243137857,1316.030789724963,1469.3813061206356,0.11040741205215454,3.4487920212313283
20.0,11.4,0.3,0.4,128.39269005477587,1191.6968294211167,1301.526996425478,1405.7637187176035,0.15158893167972565,4.153706164114693
20.0,12.8,0.3,0.4,126.62249355827569,1120.0664654494558,1284.8361998957228,1346.8462432908489,0.15600638091564178,3.906652274245958
20.0,14.2,0.3,0.4,138.99032517352182,1043.2148327709315,1236.278129316976,1288.6553137907856,0.13008473813533783,3.3205253305432114
20.0,15.6,0.3,0.4,105.98174161525732,1000.5077370101721,1210.747488777789,1248.626871524753,0.2230137586593628,4.056901467489176
20.0,17.0,0.3,0.4,106.12981841384814,940.9559917444233,1094.0023326457926,1186.2151691054053,0.2232614904642105,5.814976880580127
5.0,10.0,0.3,0.48,153.6816741503314,828.3410171431648,915.4697184703929,1531.872140014959,0.10601590573787689,3.8888314990251227
5.0,11.4,0.3,0.48,131.33952501007914,772.0607077794838,822.7971691402091,1454.8135963724749,0.14544677734375,4.060990696123383
5.0,12.8,0.3,0.48,114.56340939510807,723.9152754726333,743.9483226700954,1078.3445865833996,0.1919730007648468,4.278791358032117
5.0,14.2,0.3,0.48,102.76851260953534,674.7250093261025,682.1105775019238,869.9255392955805,0.23943069577217102,4.283015830274974
5.0,15.6,0.3,0.48,93.4108088702866,595.6076860242698,643.3254695800075,662.4163126292817,0.2920876443386078,4.263785734298725
5.0,17.0,0.3,0.48,86.63340546732684,533.3956938043228,593.1884575377146,602.0441682963705,0.34028664231300354,4.101896317953981
8.0,10.0,0.3,0.48,176.8450630091162,1114.2690714940497,1164.4833978309566,1542.143693330341,0.080182284116745,3.230810261180766
8.0,11.4,0.3,0.48,146.2394717686389,1050.1601769989863,1052.7502996321405,1470.7832461989676,0.11734216660261154,3.4434892637050734
8.0,12.8,0.3,0.48,125.08306043191715,964.9332480758345,994.6779628238471,1362.3774646549832,0.16059993207454681,3.553663290437717
8.0,14.2,0.3,0.48,109.60661790905596,885.875995132442,946.1634198205135,1058.860614747525,0.20989897847175598,3.6256601821603165
8.0,15.6,0.3,0.48,99.65314624280153,810.8417832703177,898.9493091669,923.4614486271041,0.2543763220310211,3.838617796363374
8.0,17.0,0.3,0.48,95.99099609621445,713.3066750715618,781.5622695486828,841.4345759435379,0.2756677567958832,3.687086952430733
11.0,10.0,0.3,0.48,185.71435434152497,1295.1095819965124,1302.3705816885301,1517.2852971003372,0.07272312790155411,3.1109719950589323
11.0,11.4,0.3,0.48,170.8552553367222,1189.7623814521617,1236.191378981802,1484.7800017794737,0.08592558652162552,2.9511577254432413
11.0,12.8,0.3,0.48,142.2458266879186,1093.5239221391396,1175.5147471846135,1407.763442943961,0.12406948953866959,3.020771848845188
11.0,14.2,0.3,0.48,116.99577536449215,1012.1830470136352,1122.0203281198103,1303.9242580156124,0.18349699676036835,3.4191778125686088
11.0,15.6,0.3,0.48,111.45098365416446,933.3867467703316,1071.0978857408538,1072.0754103203815,0.20336836576461792,3.232575145727774
11.0,17.0,0.3,0.48,109.01148203790176,823.5114300060926,895.7449406540968,1006.3459556844714,0.21375681459903717,3.2921911773732924
14.0,10.0,0.3,0.48,183.55202071165013,1352.3634523082403,1425.5283181380912,1465.73187506237,0.0744466781616211,3.052590322008592
14.0,11.4,0.3,0.48,175.1745613458051,1238.9022696349507,1352.469484384535,1430.1419360832515,0.08193521201610565,2.9527697847190386
14.0,12.8,0.3,0.48,136.40428235975267,1149.3694699349344,1291.8435724254346,1366.3283427447102,0.1348986178636551,3.256852259938694
14.0,14.2,0.3,0.48,117.45539019246898,1074.0956527714454,1239.247149927504,1269.8281374572857,0.1821480691432953,3.2674342761131006
14.0,15.6,0.3,0.48,107.71217068169044,1006.1320089796583,1187.3218993730757,1197.3541907906379,0.216733917593956,3.0927035913814445
14.0,17.0,0.3,0.48,99.42366052893325,937.7870586239792,1092.1396712836033,1120.7433805075648,0.2543095052242279,3.1522713487256113
17.0,10.0,0.3,0.48,194.37564174330893,1368.5162516815797,1422.1969696641568,1512.570488138613,0.06645191460847855,2.9330544251853774
17.0,11.4,0.3,0.48,198.11288404601186,1264.2283810852366,1390.5615242024694,1437.9252378492306,0.06419826298952103,2.676668256242744
17.0,12.8,0.3,0.48,157.23552411212728,1175.9198650062465,1337.7621801561447,1374.2586059165124,0.10181158781051636,3.3050871647144593
17.0,14.2,0.3,0.48,131.5792236437775,1104.2020550195853,1269.2969252552225,1320.7149807015041,0.1452721655368805,3.0352168176941996
17.0,15.6,0.3,0.48,140.84282794165085,1042.977496160702,1210.2847131440778,1270.2099769286622,0.12730102241039276,2.9570756118163506
17.0,17.0,0.3,0.48,109.53169525638218,976.1227377046179,1087.036274385527,1177.79826491287,0.21006186306476593,2.939609689844148
20.0,10.0,0.3,0.48,197.1632210916652,1362.2453129734301,1377.2433243903474,1577.299399851309,0.06458494067192078,2.5287568417923585
20.0,11.4,0.3,0.48,160.7681412792429,1273.4830983421982,1354.2263178979906,1506.8960670274748,0.09695658832788467,3.116458642624892
20.0,12.8,0.3,0.48,161.77487375182795,1196.547198045706,1335.5837016572111,1444.2001986617315,0.09595731645822525,2.9229788060964528
20.0,14.2,0.3,0.48,154.23479698678022,1114.6760481086226,1276.2351474850757,1381.9956391956498,0.1058705598115921,2.9893025941110625
20.0,15.6,0.3,0.48,127.19142057976985,1067.5937099636317,1242.3399932456382,1337.1119348008785,0.1552879810333252,3.142709925053345
20.0,17.0,0.3,0.48,120.96888083878169,1002.5330175636901,1113.9856876769031,1266.4973099914375,0.1723433881998062,3.7665615572592395
5.0,10.0,0.3,0.56,190.30693013736462,868.4792271525289,957.1287888387395,1599.3653355351394,0.06936736404895782,2.9274468192979244
5.0,11.4,0.3,0.56,162.40165849454627,811.9479038494533,861.136487257065,1516.6981942622779,0.09546951204538345,3.0528550450303897
5.0,12.8,0.3,0.56,141.7824978710665,762.2483497907748,780.8934240867478,1179.8503672131362,0.12581682205200195,3.223550982852006
5.0,14.2,0.3,0.56,127.16072883033118,709.609492878684,718.4673179553412,967.9925669124183,0.15700861811637878,3.2168963298423594
5.0,15.6,0.3,0.56,115.79636905283002,639.8509989022567,679.0959112915932,747.49554813384,0.1908589005470276,3.155223170578649
5.0,17.0,0.3,0.56,107.37949082091905,573.0892720494917,634.5540191093398,666.7647023022806,0.2224714308977127,3.0887891034922426
8.0,10.0,0.3,0.56,213.6798604615438,1171.5772928227022,1220.8276711161586,1611.5500192370775,0.05511460453271866,2.2804812051715673
8.0,11.4,0.3,0.56,180.04899307956623,1104.0707582845082,1105.7891187939306,1535.1645117839296,0.0777040645480156,2.5633094495496787
8.0,12.8,0.3,0.56,154.53112756983523,1012.6293244579946,1048.1592491292413,1417.4993437456642,0.10565235465765,2.922039073666545
8.0,14.2,0.3,0.56,135.57383798884982,930.1653204512578,997.5024755751219,1112.0640374072675,0.13788855075836182,2.7337423940515677
8.0,15.6,0.3,0.56,123.56044598617439,854.2034397733315,948.3931113974664,985.8265542707218,0.1662970781326294,2.9652291252741905
8.0,17.0,0.3,0.56,117.34140007300817,763.6288392028196,842.4264818988909,886.1365100394518,0.18522197008132935,2.6511827539299375
11.0,10.0,0.3,0.56,223.29389829386855,1360.8824231623382,1371.603497782837,1579.739484412386,0.05049152672290802,2.339033091617388
11.0,11.4,0.3,0.56,201.35342421365525,1250.1888589207244,1303.8620937480405,1542.6226431122097,0.062067635357379906,2.197507014090304
11.0,12.8,0.3,0.56,169.9473460245993,1150.4842737829965,1241.441670069878,1463.02721019683,0.08718376606702805,2.3621241659949535
11.0,14.2,0.3,0.56,143.59729898331648,1064.2618397817605,1184.3731116878205,1344.0287316217043,0.12224718183279039,2.8558533374805086
11.0,15.6,0.3,0.56,133.98216307624898,981.0382287367133,1117.4039806436158,1130.9274856157813,0.14129619300365448,2.5966731732192754
11.0,17.0,0.3,0.56,128.08599879088342,881.0220393400391,954.2136792559429,1059.7587556751662,0.15529765188694,2.5647543714130463
14.0,10.0,0.3,0.56,222.71016334256322,1425.5660637238257,1506.0535056161873,1524.3178137923896,0.05076208710670471,2.2065369057215674
14.0,11.4,0.3,0.56,205.76556798850376,1307.6971663863524,1430.9145533279911,1488.2463298320242,0.059537459164857864,2.496960764053409
14.0,12.8,0.3,0.56,168.4543278515917,1210.5239008136198,1366.0388433402622,1416.186684718495,0.08878429234027863,2.3966857873879173
14.0,14.2,0.3,0.56,145.04305646000037,1130.2383801179253,1301.5788593350235,1309.166308606822,0.11993390321731567,2.510063933607766
14.0,15.6,0.3,0.56,133.25034769828204,1058.647522185388,1221.1270952551276,1254.0924143180264,0.14221146702766418,2.318769602900666
14.0,17.0,0.3,0.56,121.57612571077277,985.3508154409524,1106.1167301220578,1180.151262402548,0.17073887586593628,2.487107413642024
17.0,10.0,0.3,0.56,233.9602288265212,1446.4854312002944,1477.5938195177607,1601.60542459396,0.04604831710457802,2.2454856967238435
17.0,11.4,0.3,0.56,227.72815095134155,1336.0141454922912,1446.5679802792645,1523.4265201266796,0.04873497411608696,2.131120705069471
17.0,12.8,0.3,0.56,184.59394368056655,1240.3854098538704,1381.0211197082456,1454.5557102799646,0.07412383705377579,2.5037504347951978
17.0,14.2,0.3,0.56,156.64475620086452,1163.410171450467,1297.4936651187513,1397.145740928767,0.1029115542769432,2.466535547790133
17.0,15.6,0.3,0.56,157.21818638378883,1098.6949921679354,1221.972265721665,1342.6565778967677,0.10257310420274734,2.3306257345672163
17.0,17.0,0.3,0.56,130.0297345553225,1026.4872749203507,1103.4125348430264,1212.0517107739352,0.14960280060768127,2.4664770275925942
20.0,10.0,0.3,0.56,239.61947632754126,1428.3384191750672,1441.8849624630845,1672.6366379448145,0.04390956088900566,1.9335739721423866
20.0,11.4,0.3,0.56,195.97898771034264,1347.731897473484,1401.5764683016023,1598.4808152279145,0.06546173989772797,2.1974684344947364
20.0,12.8,0.3,0.56,187.5948508393136,1265.5385949518409,1378.1533680664088,1531.4822935195,0.07149805873632431,2.3245310316968664
20.0,14.2,0.3,0.56,173.32906490263775,1177.5219924150138,1311.5332151467906,1463.9276459927007,0.08403351902961731,2.3637866869710655
20.0,15.6,0.3,0.56,149.5383482751913,1126.4728312732752,1269.6880574266443,1414.9828369444076,0.11265955120325089,2.2732760857541052
20.0,17.0,0.3,0.56,139.279329071868,1055.524207755864,1128.7629744652531,1335.7745577282476,0.13029468059539795,2.7440364783759916
5.0,10.0,0.3,0.64,228.48119183256605,903.883052563475,993.2069669944535,1660.0594737834656,0.048318035900592804,2.1800237316080926
5.0,11.4,0.3,0.64,194.8891227564164,845.5465858774585,893.4369478036142,1580.253285707352,0.06653302907943726,2.38481051923314
5.0,12.8,0.3,0.64,170.88682677921054,796.4132088637052,813.3502638794234,1293.2706392846476,0.0869162529706955,2.487975320504735
5.0,14.2,0.3,0.64,152.98652559995833,740.9945588301777,751.5803856816509,1075.316592895452,0.10886693000793457,2.6364062887765827
5.0,15.6,0.3,0.64,139.2681275355818,672.5336366622773,710.6771504637265,847.9445325705057,0.13238684833049774,2.508195286928899
5.0,17.0,0.3,0.64,128.80436671827383,602.2477210225863,663.243577515298,755.9245104996363,0.15510213375091553,2.4627127238957507
8.0,10.0,0.3,0.64,253.62420954544922,1221.7437297784138,1271.210143167983,1672.3754207221755,0.039292093366384506,1.7806448058417699
8.0,11.4,0.3,0.64,214.8358354141242,1148.532502589341,1154.0634222203798,1593.302888631188,0.054797474294900894,2.0112885803587974
8.0,12.8,0.3,0.64,185.6064227236012,1054.5427965479553,1095.39209357209,1472.3532459410378,0.07353584468364716,2.1311384398836033
8.0,14.2,0.3,0.64,162.9624381055012,971.7059213463269,1043.8933017903453,1214.0034177861744,0.09580546617507935,2.154166140222202
8.0,15.6,0.3,0.64,148.4388357109156,893.2885191008869,992.0339961472102,1069.080429279371,0.11572488397359848,2.2575036201977476
8.0,17.0,0.3,0.64,139.0716334776103,805.5859535334441,924.5461494192242,926.5066145282144,0.13229312002658844,2.121106928123635
11.0,10.0,0.3,0.64,262.88760727948755,1420.801477176999,1434.3859723971368,1638.7887907122304,0.03658558800816536,1.8354025074822777
11.0,11.4,0.3,0.64,232.5980558906084,1303.0952650524068,1362.951512288677,1594.3388539898801,0.04667464271187782,1.9227433175556772
11.0,12.8,0.3,0.64,199.1899772032222,1198.9777957256956,1297.8577157860232,1510.1998776059688,0.06367956846952438,1.9062544670434767
11.0,14.2,0.3,0.64,171.95796449453206,1109.0162286846862,1239.3314696124041,1373.8918957899264,0.08563541620969772,2.046894586930662
11.0,15.6,0.3,0.64,158.55100635773832,1026.2606521058888,1183.988151156993,1184.7590692702822,0.10130798071622849,2.0391948047063337
11.0,17.0,0.3,0.64,148.43843618721374,931.9260381821063,1024.8996738182914,1080.0263430964171,0.11600261926651001,1.8492184421918656
14.0,10.0,0.3,0.64,265.3959596002892,1491.2684184758486,1578.2926118978924,1578.902846412367,0.035912103950977325,1.732770304591067
14.0,11.4,0.3,0.64,237.0896623376613,1366.812937961661,1498.8549948995228,1537.8958509599129,0.04500087350606918,1.9571340985229513
14.0,12.8,0.3,0.64,199.98921613242513,1264.9541422139303,1431.0533569976285,1454.2521342526181,0.06327807903289795,2.1015460509459305
14.0,14.2,0.3,0.64,173.61765565612373,1180.9960369920063,1338.8231195030512,1371.991933655064,0.08405262976884842,1.877411969055661
14.0,15.6,0.3,0.64,159.04564578612252,1105.8703183783146,1241.1905214797364,1313.3045403083077,0.10028321295976639,1.9190230527026997
14.0,17.0,0.3,0.64,145.2329332593604,1027.549227230199,1118.0126599135558,1233.6564559179728,0.12014136463403702,1.8899560541848823
17.0,10.0,0.3,0.64,278.9239807387969,1515.0995684208567,1528.391435033848,1680.7059236859823,0.03256663680076599,1.623736402227004
17.0,11.4,0.3,0.64,256.1045641465873,1398.8299856157078,1491.199310001343,1598.9177087946766,0.038659870624542236,1.8158791926873135
17.0,12.8,0.3,0.64,212.07081207576417,1298.4130880600371,1420.537234639354,1526.771223175766,0.056367602199316025,1.7916356369731339
17.0,14.2,0.3,0.64,184.5885252226716,1217.1543909209165,1333.7819692636206,1465.754761616727,0.07440762966871262,1.8281615550824737
17.0,15.6,0.3,0.64,178.14269968569167,1148.8531333231426,1254.4338041011745,1406.6360890881615,0.08008605986833572,1.847450631919441
17.0,17.0,0.3,0.64,152.34229891523438,1071.6782148204406,1116.1666750498443,1255.898019051331,0.10942304879426956,1.804798933217448
20.0,10.0,0.3,0.64,290.7621625163924,1478.1445166061383,1512.936141070994,1757.975278061161,0.030001021921634674,1.7188257733198486
20.0,11.4,0.3,0.64,234.50377349264718,1413.048650337923,1445.572414184208,1679.721304589259,0.045896854251623154,1.7922926132140304
20.0,12.8,0.3,0.64,225.90572625467567,1325.5704171091156,1417.880456905021,1608.353566916089,0.04954055696725845,2.010186667089098
20.0,14.2,0.3,0.64,200.96679822138304,1232.9575379496591,1339.914534589327,1537.0360312584478,0.06277823448181152,1.89246635218562
20.0,15.6,0.3,0.64,173.85141591353968,1178.1912162377278,1290.5018438331633,1483.0334802939635,0.08365043252706528,1.763982768447224
20.0,17.0,0.3,0.64,160.78631283136085,1102.1146368804896,1141.7281925982497,1396.456541079043,0.09796954691410065,1.893592234326139
5.0,10.0,0.3,0.72,266.90246433658086,935.4362474035516,1025.5499793446843,1715.7617155943442,0.03556450083851814,1.7781317129154606
5.0,11.4,0.3,0.72,228.64170758583592,876.7929014316329,923.5125328076427,1632.8630171330503,0.048534221947193146,1.881739204652483
5.0,12.8,0.3,0.72,200.64566639955513,826.4935427714576,841.5584688147194,1393.335575775408,0.06328018009662628,1.9407688070728242
5.0,14.2,0.3,0.72,179.70280916653505,767.7307247810646,780.2379087914595,1171.2983595460983,0.0792156532406807,2.0499842581745025
5.0,15.6,0.3,0.72,163.62957698023214,698.8902866185135,737.9735891300492,954.3606573760984,0.09618550539016724,2.0358130823620835
5.0,17.0,0.3,0.72,151.22623496449248,626.375206720393,689.1013679673694,845.2372074672028,0.11287173628807068,1.9475328372554637
8.0,10.0,0.3,0.72,295.60887124605983,1268.064861918268,1316.5194013875416,1730.9012097590903,0.029073141515254974,1.4782336448474054
8.0,11.4,0.3,0.72,250.89042897485493,1190.1565770355435,1198.6747776677603,1647.4852958324457,0.040356457233428955,1.5888547334961292
8.0,12.8,0.3,0.72,217.42509316714288,1092.416965339726,1138.1500676242888,1526.0683176542943,0.05382677540183067,1.8714427910098737
8.0,14.2,0.3,0.72,191.3978344351174,1006.6014844857897,1083.8323603288611,1304.8922990353772,0.06975509226322174,1.7522221161620608
8.0,15.6,0.3,0.72,174.54090542495553,927.2842771893536,1031.0344710765842,1148.482215807149,0.08408340811729431,1.9295050014910882
8.0,17.0,0.3,0.72,162.7914226512126,838.5865056994987,962.6696984469702,1001.7509582761237,0.09693965315818787,1.8390484459725893
11.0,10.0,0.3,0.72,306.61146083879964,1475.0028448162243,1491.3075440490372,1693.597866347632,0.027036866173148155,1.441523487837891
11.0,11.4,0.3,0.72,270.80738297846653,1351.584442200994,1417.1091445890634,1642.6335531924162,0.03459261357784271,1.4582608026929018
11.0,12.8,0.3,0.72,231.4284827519668,1243.129818774066,1350.0483748960357,1552.2963522167195,0.047370847314596176,1.5446001186055285
11.0,14.2,0.3,0.72,201.26027606089013,1150.567657083189,1289.3713800464386,1411.6828115713354,0.0627671554684639,1.600978116665268
11.0,15.6,0.3,0.72,184.94292292237841,1066.8124725000052,1228.7500605207058,1231.2332770943904,0.0747692808508873,1.6033890250223848
11.0,17.0,0.3,0.72,171.12620701063466,974.089928284402,1097.0858796797825,1111.09898127189,0.0875372514128685,1.5526486024329056
14.0,10.0,0.3,0.72,310.8632934671804,1550.8942426548485,1632.2800759609822,1644.584582299082,0.026316331699490547,1.3399907638096236
14.0,11.4,0.3,0.72,275.94218941989664,1422.012353609073,1561.5218240678114,1587.8879761114888,0.0333733931183815,1.47126748019209
14.0,12.8,0.3,0.72,233.23377770223715,1314.7477591336656,1490.3471069429336,1492.7613679232836,0.04674423858523369,1.474039983231497
14.0,14.2,0.3,0.72,203.9655428584252,1227.4921696888982,1377.2478890019652,1428.84856805472,0.06115269660949707,1.6252841536979539
14.0,15.6,0.3,0.72,186.82930469428547,1149.0611638174796,1269.198133695082,1366.9402187072853,0.07298773527145386,1.6168369569076213
14.0,17.0,0.3,0.72,170.14303604379685,1066.8706500821286,1134.1208893294527,1282.5685690314726,0.08787553012371063,1.6237953450888807
17.0,10.0,0.3,0.72,320.9192139917795,1575.911975244161,1578.0289481751656,1753.37197692586,0.02472066879272461,1.410091917093058
17.0,11.4,0.3,0.72,292.26353436764066,1456.872355613712,1534.0863655319,1667.5156169751247,0.029832040891051292,1.4249365668729186
17.0,12.8,0.3,0.72,243.38377816354816,1351.010467709679,1459.9914397024327,1592.2310391408512,0.042974259704351425,1.5022665753528806
17.0,14.2,0.3,0.72,213.60028628412908,1265.1167380380275,1361.1675802748844,1526.4986065140247,0.05581507086753845,1.5319854885299604
17.0,15.6,0.3,0.72,201.82443436718455,1193.1226085783992,1275.703303311541,1464.390186358522,0.06262092292308807,1.4680078720314347
17.0,17.0,0.3,0.72,175.60232350724763,1112.1843696334045,1129.5790965098508,1316.5300625663167,0.08265719562768936,1.530968232873573
20.0,10.0,0.3,0.72,332.7748892612123,1522.892933358746,1577.0911292731455,1835.02476560237,0.02302533946931362,1.2115069892505035
20.0,11.4,0.3,0.72,273.0676892589293,1471.747144770786,1486.0179093975134,1753.0097430127323,0.034001998603343964,1.4413122191336774
20.0,12.8,0.3,0.72,255.98799427983397,1381.2356274386782,1452.2195386941612,1678.8718776179119,0.03871771693229675,1.4264616321517833
20.0,14.2,0.3,0.72,227.26339531589386,1285.1266634379174,1366.5197275302178,1603.619314305143,0.04926484078168869,1.487319880686065
20.0,15.6,0.3,0.72,199.9891718891662,1224.0902775421619,1306.6144893035648,1543.9756155985554,0.06346795707941055,1.481195879904083
20.0,17.0,0.3,0.72,183.47080845742397,1145.5983375305586,1154.6435909997117,1452.7417424125276,0.07545094192028046,1.6010549981328182
5.0,10.0,0.3,0.8,308.2277002752552,964.6579495039573,1054.8201126639437,1768.1145724703365,0.026811907067894936,1.396460260278351
5.0,11.4,0.3,0.8,264.30282515689214,907.0745637621432,955.0069334622368,1689.9530148460697,0.036437541246414185,1.5750641687211393
5.0,12.8,0.3,0.8,231.75294066646336,854.3340998604014,867.6121713504375,1483.4348870276056,0.04762697219848633,1.534575283371875
5.0,14.2,0.3,0.8,207.9120627478146,794.606392982673,808.3404030824769,1312.6868560577482,0.059296246618032455,1.6328101432219406
5.0,15.6,0.3,0.8,188.76855668283702,722.2841054907389,763.41373345578,1055.105990612397,0.07250211387872696,1.6465623669116316
5.0,17.0,0.3,0.8,174.4204818930152,648.0017675532293,713.0559278179834,935.1555141006246,0.08509544283151627,1.6064083807191514
8.0,10.0,0.3,0.8,336.884745266478,1307.8140178685624,1355.5440959385028,1782.7145561059926,0.022512026131153107,1.3678929324817646
8.0,11.4,0.3,0.8,289.2408361343937,1229.431820617399,1239.358006745161,1699.075087496069,0.03051421418786049,1.4478276199790596
8.0,12.8,0.3,0.8,250.40721427611447,1126.783520539278,1177.0089093627178,1575.0873740875227,0.04076342657208443,1.4514615348669346
8.0,14.2,0.3,0.8,221.26452753420216,1042.7200189167788,1122.8862574668965,1405.0040299558464,0.05231373384594917,1.5359398661819805
8.0,15.6,0.3,0.8,201.46791789348555,958.5636287350083,1066.9474089733496,1232.043755110471,0.06337559968233109,1.555935717061671
8.0,17.0,0.3,0.8,186.5659802684349,867.7958057432346,995.6889026263228,1087.4019793449402,0.07404197007417679,1.5331118312516705
11.0,10.0,0.3,0.8,350.62455469427846,1522.2325764603274,1541.8571251972446,1744.981115176312,0.020799556747078896,1.1833256592000487
11.0,11.4,0.3,0.8,306.7458518122402,1395.9922126654421,1466.8214701851032,1686.8975103083083,0.02709268406033516,1.215718866624779
11.0,12.8,0.3,0.8,264.0245921753317,1284.0509370528275,1397.2016315961903,1593.8924866475402,0.03654790297150612,1.2696582724149494
11.0,14.2,0.3,0.8,231.34427502543036,1188.1323850245137,1334.538431277073,1440.6555854869905,0.04773614555597305,1.3396391552235378
11.0,15.6,0.3,0.8,210.8405097381254,1102.8910364206965,1262.8862555335395,1273.7162336809256,0.0577375628054142,1.3609817753095566
11.0,17.0,0.3,0.8,195.25607146086443,1010.0483976829262,1114.4206475727055,1190.77126925291,0.06741367280483246,1.3294211697890153
14.0,10.0,0.3,0.8,356.5372930110434,1603.1234750959209,1679.992938234377,1702.8153918297705,0.020131036639213562,1.1577475272483428
14.0,11.4,0.3,0.8,314.5951943572003,1477.37438705742,1622.1798477148118,1633.2879750810437,0.025799743831157684,1.1607924365793107
14.0,12.8,0.3,0.8,268.02516072105726,1358.8954380595237,1528.5724308699628,1544.0681777965067,0.035574182868003845,1.206930972522476
14.0,14.2,0.3,0.8,235.0903180112904,1269.2437126995753,1411.0768834106661,1480.0042406225643,0.04624393582344055,1.3021528616381184
14.0,15.6,0.3,0.8,215.35441111854203,1188.3072730216059,1291.8543945898102,1415.4291393457954,0.05517472326755524,1.267731473443962
14.0,17.0,0.3,0.8,195.60318664660608,1101.519986661639,1143.1729450390212,1325.6501579101753,0.06674360483884811,1.4143985684104396
17.0,10.0,0.3,0.8,368.77451151368984,1621.8921621046968,1634.2254306683926,1818.4251093837897,0.018847322091460228,1.0920207708138057
17.0,11.4,0.3,0.8,326.26290497631226,1514.6986927122189,1578.7295650606936,1733.5095992745332,0.024021189659833908,1.1909846814527465
17.0,12.8,0.3,0.8,276.434182177147,1401.102371895098,1495.483532208403,1651.874932644196,0.033460792154073715,1.1912209630150055
17.0,14.2,0.3,0.8,243.21578946557736,1310.4579483723262,1393.0892134969458,1583.358285397946,0.0432339571416378,1.28190848920903
17.0,15.6,0.3,0.8,226.94159579847616,1234.6122946874807,1291.1609773790071,1517.2107341910057,0.04974977672100067,1.292117763835223
17.0,17.0,0.3,0.8,200.36423557940802,1138.9522747258031,1150.1083690454514,1380.5425533289356,0.0637354850769043,1.325060856302818
20.0,10.0,0.3,0.8,380.9192605582472,1568.4205604044141,1636.5677651714216,1906.1549609829738,0.01769220642745495,1.0209387107475232
20.0,11.4,0.3,0.8,312.48813467362015,1522.0963575824085,1527.2893396943819,1821.17380536063,0.026098767295479774,1.152778434070164
20.0,12.8,0.3,0.8,294.80903823298297,1432.8669909644802,1485.7242874903766,1743.6294821967806,0.029336705803871155,1.2442981301568352
20.0,14.2,0.3,0.8,256.2106156302435,1331.074553429456,1391.1419456065173,1662.7309325874203,0.038930874317884445,1.1823850568304581
20.0,15.6,0.3,0.8,227.987234594514,1267.4538134934974,1324.8783182660522,1600.4328043369737,0.04902929440140724,1.1860386164062016
20.0,17.0,0.3,0.8,208.1912885685108,1163.663993141116,1184.1237292462586,1502.528340831557,0.05880047008395195,1.2601355865437067
5.0,10.0,0.4,0.4,122.64960780046707,788.9014743608702,875.6868547158006,1460.3697303940482,0.16601191461086273,5.061214632942194
5.0,11.4,0.4,0.4,104.76393181690683,734.1072241930451,785.5106607656039,1391.3168055282636,0.22792719304561615,5.335087964217873
5.0,12.8,0.4,0.4,90.61459506987414,685.9648636975594,707.6401556542444,1004.2796929629027,0.30569595098495483,5.751129336251176
5.0,14.2,0.4,0.4,81.2014566202472,637.3383790955088,645.1938092232473,757.5943062064008,0.38231244683265686,5.859816388856168
5.0,15.6,0.4,0.4,73.73808893369676,545.5971804856262,607.4870605686024,609.9929074290994,0.46621179580688477,5.821896373580541
5.0,17.0,0.4,0.4,68.63542927267474,501.609740904289,557.8898277086025,569.8988020140946,0.5383297801017761,5.737446556031691
8.0,10.0,0.4,0.4,157.79684853482124,1055.228378716166,1106.6254346005192,1469.686308393605,0.10053397715091705,3.7839513094636836
8.0,11.4,0.4,0.4,117.95923369467404,993.4827359846764,1002.0426738703746,1402.740186151225,0.17980901896953583,4.233305349868131
8.0,12.8,0.4,0.4,103.18706107150899,914.74262941396,938.7180347789961,1303.0152975739393,0.23535427451133728,4.4972963426077674
8.0,14.2,0.4,0.4,86.49540421429734,840.7674913555738,892.1841583556729,1101.1211881450688,0.3351617157459259,4.932930001466266
8.0,15.6,0.4,0.4,78.39788339019897,759.5288512298322,846.8815546250004,848.6999345198846,0.4093632400035858,5.056885576926632
8.0,17.0,0.4,0.4,77.5076979387037,587.7945447585079,718.1642651534031,795.9191484732202,0.42245516180992126,4.383900000571994
11.0,10.0,0.4,0.4,194.3502767644589,1220.420079026584,1227.0469905681518,1449.4252556501403,0.0664772242307663,3.1625210984017254
11.0,11.4,0.4,0.4,151.7489761763561,1119.7064908100706,1163.0343250863075,1408.6167571156648,0.10885418951511383,3.6913074600549645
11.0,12.8,0.4,0.4,118.37942755898072,1033.3270599285563,1106.6443105691328,1363.5903939783097,0.17853228747844696,3.725461274268647
11.0,14.2,0.4,0.4,95.53030648952641,951.1491265407733,1054.9705038999687,1183.026022063683,0.27495718002319336,4.71862467823393
11.0,15.6,0.4,0.4,95.41348198050854,885.8311323922754,1010.1052544138504,1050.5366622474423,0.27635160088539124,4.341736739088806
11.0,17.0,0.4,0.4,87.46544984444272,809.5295761943298,914.7473360442399,950.9154463850508,0.32931721210479736,4.270542190261199
14.0,10.0,0.4,0.4,155.74790583817375,1275.5575356303991,1341.9409969532112,1404.133437957589,0.10313547402620316,3.6108096234951765
14.0,11.4,0.4,0.4,194.2214514723182,1169.7345761103252,1272.1330669342854,1378.083505176104,0.06680750101804733,3.2768081677116507
14.0,12.8,0.4,0.4,132.2566919774865,1085.4255754415885,1213.744373312134,1319.0807212533564,0.14349623024463654,3.5694257322625003
14.0,14.2,0.4,0.4,92.86357757329637,1013.2065803809755,1163.4597997872856,1231.572811913404,0.29034554958343506,4.3948063073746955
14.0,15.6,0.4,0.4,85.12194042906968,947.9094222093813,1115.6749551413998,1152.299442000957,0.34600958228111267,4.144779994285923
14.0,17.0,0.4,0.4,78.8249482697003,886.9393919658877,1057.2762773647862,1073.2163563546867,0.4033132493495941,4.2542341281697755
17.0,10.0,0.4,0.4,150.2825789178518,1287.2495138717409,1360.4868259038938,1420.1894127447033,0.11074047535657883,3.864666819432529
17.0,11.4,0.4,0.4,164.0117823037201,1189.9960103871033,1335.1875960357343,1350.1278936448548,0.09330060333013535,2.9902716584290077
17.0,12.8,0.4,0.4,141.75450440529303,1106.807073851159,1288.4092303526083,1289.2691556083987,0.12495432049036025,4.215098151941577
17.0,14.2,0.4,0.4,113.50563458196848,1039.683850197262,1219.421846567985,1238.5268177639648,0.19484500586986542,3.8045842291905383
17.0,15.6,0.4,0.4,124.72866242724587,982.2699248582874,1173.9234767624628,1192.2330660846314,0.1620086431503296,3.882506896643456
17.0,17.0,0.4,0.4,88.78218768814669,921.5866952373631,1069.5930410521717,1131.2734684244683,0.31847596168518066,3.6767193676960885
20.0,10.0,0.4,0.4,154.43393527219376,1278.8125430940122,1317.3786779876582,1477.8430602985104,0.10489340126514435,3.0436477711782515
20.0,11.4,0.4,0.4,133.3050580001974,1197.0153588320586,1301.9033721177505,1412.5420908049828,0.14070269465446472,3.966400152085094
20.0,12.8,0.4,0.4,127.74486337466385,1126.706737906974,1288.3053641721606,1354.2402240870842,0.15326009690761566,3.5874472581271335
20.0,14.2,0.4,0.4,155.07546196322195,1048.612160046014,1233.916232143006,1295.3340480691998,0.10492420196533203,4.559384853578923
20.0,15.6,0.4,0.4,107.44394417113504,1004.4101345172984,1212.4740807582157,1254.4006305869702,0.2170041799545288,4.045963055802779
20.0,17.0,0.4,0.4,96.5161053950123,944.9798654846146,1095.6600453259614,1191.98174403677,0.26909366250038147,3.73946700168504
5.0,10.0,0.4,0.48,157.74841451214513,835.0215806433328,923.73666677198,1538.7888041663753,0.10064633935689926,3.5614557334532915
5.0,11.4,0.4,0.48,134.73276012500264,779.2451962500575,830.5458826637273,1466.2696237069317,0.13821367919445038,3.865420826004832
5.0,12.8,0.4,0.48,116.71816290198022,730.0864435682971,750.7282151584049,1094.8751074000731,0.18495649099349976,4.165831720532343
5.0,14.2,0.4,0.48,104.61782762838546,678.8513044642231,687.7200723112244,848.4479827878916,0.23134031891822815,4.177551943597368
5.0,15.6,0.4,0.48,95.24944060287486,604.480928672773,649.0840117432156,676.3180665890341,0.28080621361732483,4.171567769126255
5.0,17.0,0.4,0.48,88.04293940495518,546.0694015839754,606.269587312335,622.7992907927509,0.3287706673145294,4.042781287020011
8.0,10.0,0.4,0.48,187.37572739126946,1122.2888222304784,1173.6290118434924,1551.127574364529,0.07146890461444855,2.8945019266444807
8.0,11.4,0.4,0.48,150.92111278582726,1057.2290136361091,1061.5721558784019,1478.482039014024,0.11019788682460785,3.123157621871938
8.0,12.8,0.4,0.48,130.31018971522943,970.534716503634,1000.7288131373501,1361.6210695109248,0.14810128509998322,3.213103267909136
8.0,14.2,0.4,0.48,111.55095668557868,893.5588273737138,951.5639154235421,1158.8730941693389,0.2023053765296936,3.673926252404877
8.0,15.6,0.4,0.48,101.28819183729594,802.1761947229172,881.6272832108468,904.3268739696406,0.24671748280525208,3.6198147839873043
8.0,17.0,0.4,0.48,98.2760526257159,667.3553111957336,765.4472539379368,846.5655343976076,0.26392292976379395,3.2500868680260897
11.0,10.0,0.4,0.48,220.89562610889539,1298.3659562019404,1308.0787736967497,1522.6004387844557,0.05160079151391983,2.84758601644966
11.0,11.4,0.4,0.48,177.1553650776688,1190.695321145268,1241.1461691141556,1477.4594052722405,0.08007202297449112,3.0640272587810142
11.0,12.8,0.4,0.48,144.33046497761893,1098.8619740541362,1182.1082121608947,1422.368545053957,0.12044001370668411,2.8579045846201034
11.0,14.2,0.4,0.48,119.5125419845277,1012.1914279209252,1127.2133881289271,1237.0048963223487,0.17633014917373657,3.3353449897075595
11.0,15.6,0.4,0.48,118.00027373110126,941.6552624612062,1078.5487789489696,1101.1764441343123,0.18143579363822937,3.486486733826437
11.0,17.0,0.4,0.48,104.75544734240863,859.9261783874659,964.2631365042639,1013.5687761359977,0.23041021823883057,3.125731862090922
14.0,10.0,0.4,0.48,194.74316288731754,1360.3294801873803,1433.8943973167059,1472.0858453828037,0.0661948174238205,2.694641950082604
14.0,11.4,0.4,0.48,218.12799089213297,1246.173479317324,1359.9941130209272,1441.4320971908842,0.05308245122432709,2.731761326800393
14.0,12.8,0.4,0.48,154.0295078232076,1154.7206305554282,1297.3400377284725,1369.0423223111413,0.1060618981719017,2.978239005201033
14.0,14.2,0.4,0.48,120.04940523848539,1078.0309946235614,1244.4388373816187,1264.7815028544037,0.1744236946105957,3.090134367000177
14.0,15.6,0.4,0.48,109.6585149779042,1008.9280464690742,1190.831583422002,1192.6118211039757,0.20925544202327728,2.9459490359163576
14.0,17.0,0.4,0.48,100.54426394708666,941.1971324145237,1091.1092810496557,1125.4620756965346,0.2487746775150299,3.08140557227417
17.0,10.0,0.4,0.48,190.20898322777046,1377.0683996999992,1424.4801724704332,1522.0023353827758,0.06936086714267731,2.7657197225297825
17.0,11.4,0.4,0.48,187.09578969218506,1271.6692518855568,1392.7845609881338,1446.677250877327,0.07187288999557495,2.6535137962704547
17.0,12.8,0.4,0.48,157.7368888688071,1182.743063315515,1339.2624882059397,1381.4224001520133,0.10112219303846359,3.1368248724558114
17.0,14.2,0.4,0.48,136.15400211732913,1109.099942733034,1264.8479251452054,1327.3411087236466,0.13580326735973358,2.838286039479116
17.0,15.6,0.4,0.48,141.62440487956871,1047.560707548942,1203.8802816459736,1276.3829661780062,0.12600219249725342,2.944766459018437
17.0,17.0,0.4,0.48,108.89753595397256,979.9588745871046,1088.6704661037293,1183.4324743807024,0.2124490737915039,2.961310954893996
20.0,10.0,0.4,0.48,198.47836339745365,1370.435978065879,1379.8257830717225,1586.7234312327196,0.06373274326324463,2.202396602305884
20.0,11.4,0.4,0.48,166.02686808144384,1280.8546667386559,1358.006531332873,1515.8493517017696,0.09095122665166855,3.046099664480306
20.0,12.8,0.4,0.48,155.42352947417578,1203.1423676741301,1340.4601501323395,1451.9987820224621,0.10379265248775482,2.491381439834296
20.0,14.2,0.4,0.48,173.6514284162518,1120.518301415629,1280.9280510157437,1388.8348404256403,0.08397218585014343,2.709087980248193
20.0,15.6,0.4,0.48,128.18481633001778,1071.952990507401,1243.9807830858645,1343.1070114396507,0.15287931263446808,2.9845103259638717
20.0,17.0,0.4,0.48,116.3300218947718,1006.2001886525613,1115.270561255297,1271.8514618665374,0.18577580153942108,2.7987591015937414
5.0,10.0,0.4,0.56,194.55358362308027,875.6534101205974,965.4900394769152,1608.2671098526628,0.06639466434717178,3.0145101056015218
5.0,11.4,0.4,0.56,166.51847920335894,819.3410729614974,869.2922909316225,1533.7824424171388,0.0907873660326004,2.989891670605663
5.0,12.8,0.4,0.56,144.7031381535658,769.469268704483,788.7029413237032,1216.2279729116449,0.12073831260204315,3.111408468998428
5.0,14.2,0.4,0.56,129.9914869862475,715.6463921683065,725.8902501120606,953.8695622486209,0.15043149888515472,3.2021996162236555
5.0,15.6,0.4,0.56,117.7009125741595,647.17489358007,685.4952286646018,767.7688043310184,0.18460296094417572,3.1492946043746466
5.0,17.0,0.4,0.56,109.1922593448706,581.5826933725255,640.5928470859068,708.0039288434551,0.21460400521755219,3.2637979949015157
8.0,10.0,0.4,0.56,221.77289244490157,1179.7934776848767,1230.0913365491097,1619.744508411705,0.051203012466430664,2.1870693819028886
8.0,11.4,0.4,0.56,184.41978616430023,1112.127877733639,1114.9107792845487,1544.8472673410956,0.07406260073184967,2.4254856984155566
8.0,12.8,0.4,0.56,160.4595521646612,1019.8411500276312,1055.8473402548318,1428.664011307166,0.09804671257734299,2.498309677783239
8.0,14.2,0.4,0.56,138.08616635271775,939.0673103668393,1004.5208981633065,1217.7547591467871,0.13260924816131592,2.694700339925638
8.0,15.6,0.4,0.56,125.43613819034498,854.7397162987244,955.1477966266453,958.3927311475961,0.1616162806749344,2.6994038597629757
8.0,17.0,0.4,0.56,119.03421082680262,741.9153963251217,815.3562493713639,893.0145188307418,0.18061214685440063,2.696648752558047
11.0,10.0,0.4,0.56,251.98220691607108,1366.284437563859,1378.6734441777205,1587.1385127642,0.03977984935045242,1.9485828237987821
11.0,11.4,0.4,0.56,205.66182846315942,1252.5169266223006,1309.5319119683477,1536.4673026739063,0.05960191413760185,2.226666101213718
11.0,12.8,0.4,0.56,172.25571193360406,1155.3322430981495,1247.9828387870086,1477.9216796172007,0.08481214195489883,2.234477980616295
11.0,14.2,0.4,0.56,146.74807947396098,1065.0377407851186,1190.4597766006643,1300.8537326255962,0.11741149425506592,2.7402126697408145
11.0,15.6,0.4,0.56,139.85181507619956,991.4503867975166,1138.9733736427756,1175.1080599266488,0.1296311318874359,2.4988557142119485
11.0,17.0,0.4,0.56,126.32866168000953,906.3810119464965,1020.9109024618292,1068.137107520907,0.15910230576992035,2.463461489311339
14.0,10.0,0.4,0.56,233.98452037405812,1434.7857661849432,1515.68309650223,1533.5898554480477,0.0460299551486969,2.0741571080280625
14.0,11.4,0.4,0.56,245.3585071720711,1314.9164015248255,1438.177553527498,1498.4362214858108,0.0420820526778698,2.0079918869100672
14.0,12.8,0.4,0.56,180.84426021865028,1216.6637123198134,1372.2397894242733,1415.1603954129596,0.07719174027442932,2.141214770335503
14.0,14.2,0.4,0.56,147.4813333700858,1136.1544520786815,1308.3101066666347,1315.9469928704175,0.11600147187709808,2.301705497786213
14.0,15.6,0.4,0.56,134.97620464113507,1061.720075374861,1210.6104802552052,1260.0261263687094,0.13874176144599915,2.218945004903412
14.0,17.0,0.4,0.56,123.57497829820551,990.3006159048964,1105.420612486431,1186.7656864275543,0.16533973813056946,2.4074879779825156
17.0,10.0,0.4,0.56,230.23407810342067,1454.1809587980097,1479.0487799202767,1610.5229046362194,0.047530289739370346,2.1852522462971375
17.0,11.4,0.4,0.56,220.99092254467294,1342.8061767772815,1448.524102784794,1531.383737466413,0.051697708666324615,2.004703599428653
17.0,12.8,0.4,0.56,189.9268010038628,1248.452269084993,1386.3871679859892,1463.1873464925338,0.07003683596849442,2.592083783219458
17.0,14.2,0.4,0.56,161.43246281686882,1168.883290570768,1297.308394759611,1404.4339836669012,0.09699299931526184,2.2128350507487733
17.0,15.6,0.4,0.56,160.92224358398676,1104.0526957972281,1224.9757200877784,1349.9555385145256,0.09795300662517548,2.1912491894443833
17.0,17.0,0.4,0.56,130.82009702889505,1030.3692652801938,1104.5118586513238,1219.1061963400598,0.14778919517993927,2.1164390116560696
20.0,10.0,0.4,0.56,252.06190606122124,1432.9250538826484,1449.4649146640772,1681.4054537137542,0.039743680506944656,2.1676969512397872
20.0,11.4,0.4,0.56,200.71219867148668,1354.4252198706008,1404.9216845156275,1607.066769843075,0.06243519112467766,2.188386877305606
20.0,12.8,0.4,0.56,203.46878280375128,1271.8695764094605,1384.7568018282439,1538.8935521582391,0.060865823179483414,2.2986718145846616
20.0,14.2,0.4,0.56,199.56896962994318,1182.5644794496784,1309.396941741738,1470.926144146517,0.06380854547023773,2.3606093551362077
20.0,15.6,0.4,0.56,151.63017333511726,1130.8011751339072,1271.28535793531,1420.788447161519,0.10959231853485107,2.2631551613230885
20.0,17.0,0.4,0.56,137.95070007985575,1059.909615204376,1132.864161924474,1341.5237048653287,0.13250640034675598,2.2268853351315694
5.0,10.0,0.4,0.64,232.87971315971248,909.053375577812,999.6482032184161,1667.5773966821296,0.04652862250804901,2.0728146684768243
5.0,11.4,0.4,0.64,199.12948882747136,851.2783775304532,899.9259376019529,1589.7908098299094,0.0637369453907013,2.2676236415436812
5.0,12.8,0.4,0.64,173.40232961131974,800.5224658903385,817.6499337889585,1309.951076789382,0.08440766483545303,2.466391927546543
5.0,14.2,0.4,0.64,155.14977831293777,745.0409385790651,755.9309917562986,1059.8731897185105,0.10597977042198181,2.5180261092809437
5.0,15.6,0.4,0.64,141.1657592525281,676.4525663681635,714.0036621410327,867.2801705541397,0.12878459692001343,2.3716062738609898
5.0,17.0,0.4,0.64,130.78355946724866,607.5917135485146,667.6733616143238,795.2178148290715,0.15012815594673157,2.362807140549443
8.0,10.0,0.4,0.64,258.98162196170944,1227.3719598482871,1277.5245564499626,1677.6620934029938,0.03770226985216141,1.798528290966513
8.0,11.4,0.4,0.64,218.61904885270286,1156.0659818635518,1160.4550986665195,1600.436036582911,0.052914317697286606,1.9684144499127862
8.0,12.8,0.4,0.64,190.47597984259332,1059.203969914728,1100.4309196457505,1475.7542728209835,0.06989084929227829,2.034675465030724
8.0,14.2,0.4,0.64,166.03464238363483,977.3648725790379,1048.618887321992,1293.852901270074,0.09213939309120178,2.238057714358682
8.0,15.6,0.4,0.64,150.7550181845619,894.3257643770933,996.6695064277814,1032.7502627289587,0.11243634670972824,2.200673100483718
8.0,17.0,0.4,0.64,139.93494137387748,802.2703986617113,885.9544906571545,931.979299376519,0.13102395832538605,2.0263953004524526
11.0,10.0,0.4,0.64,288.4925345397017,1424.6657726544913,1439.5061426494317,1645.3853130945881,0.030490519478917122,1.6591362747051495
11.0,11.4,0.4,0.64,237.86461622031769,1305.0502124066888,1367.8096326965263,1593.4072029772785,0.044698528945446014,1.6541434753858313
11.0,12.8,0.4,0.64,202.56931603408572,1202.0596854646453,1302.6518097582455,1519.1636524900152,0.06156127527356147,1.8312433563133026
11.0,14.2,0.4,0.64,174.27193617133244,1111.420782701891,1244.5826007464225,1347.603563062256,0.08355783671140671,1.8793461488168326
11.0,15.6,0.4,0.64,164.02019221853124,1033.9934278395076,1190.0128706556561,1222.2633987982458,0.0946427658200264,2.1120817948600714
11.0,17.0,0.4,0.64,148.24268051208088,946.6011515296954,1091.2284269425975,1103.6983665395062,0.11592927575111389,1.94304239284538
14.0,10.0,0.4,0.64,275.7690578716564,1497.5638334362336,1584.9249602772925,1586.3283333445515,0.03329584375023842,1.630237259614233
14.0,11.4,0.4,0.64,269.89081593011076,1373.8856192263493,1505.2811682750257,1546.2315307075446,0.03488294407725334,1.6261880328956948
14.0,12.8,0.4,0.64,211.56215446010847,1268.9400626756067,1435.7318015480703,1459.3560932041635,0.056627918034791946,1.7239381785257584
14.0,14.2,0.4,0.64,176.9583083682456,1185.828261895184,1342.8077173398103,1377.396552439285,0.08092069625854492,1.9039454152432589
14.0,15.6,0.4,0.64,160.98535628074384,1109.192486712482,1238.0766961620182,1318.1551099774017,0.09793941676616669,1.8522509472950455
14.0,17.0,0.4,0.64,147.30107223038382,1030.9612799216602,1116.93575087503,1237.9092460020179,0.11684764176607132,1.8617398304905723
17.0,10.0,0.4,0.64,274.3139747783438,1522.113262379011,1530.1097936919655,1688.3186642598725,0.03363915532827377,1.6253016143775048
17.0,11.4,0.4,0.64,252.50484389494042,1405.5316685647724,1493.0847920580406,1605.6528639475578,0.03974759206175804,1.6457353694710388
17.0,12.8,0.4,0.64,219.64764515495818,1304.22738000523,1426.1930592301774,1532.7221970830094,0.05258196219801903,1.847018396110473
17.0,14.2,0.4,0.64,188.5795638180291,1223.504373713533,1333.9545808721186,1471.7206197617286,0.0713348388671875,1.8375427944771823
17.0,15.6,0.4,0.64,182.01201436078998,1152.387825811185,1246.1367282429944,1412.1765928554669,0.07680273056030273,1.8469995403287378
17.0,17.0,0.4,0.64,153.40314920862662,1074.5910871220856,1117.535781832174,1265.6514617657615,0.10790765285491943,1.8928344241872541
20.0,10.0,0.4,0.64,292.11961505296716,1481.598979896977,1520.902590793441,1766.1184603345373,0.029726598411798477,1.3533914977388204
20.0,11.4,0.4,0.64,239.81324847005348,1418.525045609706,1449.2640381001388,1686.3239896273515,0.0439249686896801,1.6858208220758555
20.0,12.8,0.4,0.64,226.6647668035379,1330.4763823537874,1420.8826984106997,1614.1948308583426,0.04919908195734024,1.5526975668169527
20.0,14.2,0.4,0.64,219.0916646415747,1238.692942777614,1341.6744246739765,1543.586979889684,0.05300219729542732,1.896934437800346
20.0,15.6,0.4,0.64,175.5169730901477,1181.7003666769547,1291.0920232231692,1487.952856871156,0.0820697769522667,1.6957740328645188
20.0,17.0,0.4,0.64,160.88280306081953,1105.7776190364993,1145.9092951988666,1401.526303509471,0.09775318950414658,1.703914431182602
5.0,10.0,0.4,0.72,273.2393092526721,941.6080865367486,1033.523017263484,1723.744518052557,0.0339595265686512,1.6306262694032143
5.0,11.4,0.4,0.72,234.5996156190111,882.2924988322119,930.1726844773679,1641.512215357506,0.046118151396512985,1.832134458846263
5.0,12.8,0.4,0.72,203.55041380160915,831.0804185951837,846.4822933479701,1411.6706660045809,0.06148487702012063,1.8898997983021086
5.0,14.2,0.4,0.72,182.10082891579287,772.5049099988101,785.4295404326523,1161.8417348212076,0.07721880078315735,1.999491699525185
5.0,15.6,0.4,0.72,165.89383823599064,702.9112916671546,742.2405505341221,970.966719077058,0.09355822950601578,1.947590729199024
5.0,17.0,0.4,0.72,153.54915358320468,631.9326576865519,694.6634350316327,882.1205995261109,0.1092892438173294,1.9366526730472418
8.0,10.0,0.4,0.72,299.6447165956922,1273.328490008261,1323.3121596077215,1737.0271750221882,0.02830403484404087,1.4837327596700383
8.0,11.4,0.4,0.72,256.51644705840397,1196.4831379462871,1203.8558363308439,1654.4653472497357,0.03862190246582031,1.6774160067427129
8.0,12.8,0.4,0.72,222.666348499936,1097.707041474974,1143.4932151745124,1528.5734834265884,0.051359739154577255,1.7201658943729017
8.0,14.2,0.4,0.72,195.22367063180366,1013.2141055765561,1090.0216242731178,1370.8138016779549,0.06694824248552322,1.694610354972876
8.0,15.6,0.4,0.72,176.89335173981834,930.829361832099,1035.7694703457778,1138.786233855561,0.08194588124752045,1.7673075251100596
8.0,17.0,0.4,0.72,163.72631561396028,840.5605225151373,967.6589911414202,975.3055594707745,0.09601134061813354,1.7902595384514772
11.0,10.0,0.4,0.72,325.1027074857749,1479.973589099457,1496.8839916715583,1698.8127987643663,0.02411901392042637,1.3039317342234784
11.0,11.4,0.4,0.72,274.7047534301303,1354.0434699544035,1422.0786817034818,1641.3834291157434,0.03367121145129204,1.4884686214207787
11.0,12.8,0.4,0.72,234.384286701753,1247.03991514161,1354.9062991555456,1563.5178488043264,0.046162061393260956,1.4506384626642297
11.0,14.2,0.4,0.72,203.71781252764217,1153.0240916832183,1294.5721549140385,1388.202302083222,0.06140810623764992,1.5981418034789565
11.0,15.6,0.4,0.72,189.47150370509257,1073.5080565069647,1236.9895254881737,1253.3601334965779,0.07120221108198166,1.6881302072666418
11.0,17.0,0.4,0.72,171.61276746448667,984.2430937049443,1111.418550912981,1157.979224023718,0.08683805912733078,1.7162608973756457
14.0,10.0,0.4,0.72,320.8336364321498,1558.0217127935653,1639.3353510016937,1651.1141967916444,0.024737872183322906,1.286158599051426
14.0,11.4,0.4,0.72,300.5083805535128,1428.8918383233652,1568.127299468664,1595.091668397303,0.02823541685938835,1.3669006993249793
14.0,12.8,0.4,0.72,242.55733192224633,1318.814536742582,1495.492812495708,1498.6582242157385,0.043270885944366455,1.400173304226259
14.0,14.2,0.4,0.72,207.1278315030489,1231.2173059184386,1378.2200492694708,1433.50214902895,0.05933406949043274,1.5418087387181523
14.0,15.6,0.4,0.72,190.35279537891418,1152.2678197040987,1265.5060410752872,1371.8678259402514,0.07038077712059021,1.4556148218869709
14.0,17.0,0.4,0.72,171.96880701028553,1069.7602667466977,1132.1763225095008,1286.4990056720976,0.08608132600784302,1.4974221384209392
17.0,10.0,0.4,0.72,320.10308377075415,1578.7296980674023,1584.289161461934,1760.3628288660427,0.024842722341418266,1.3009896481812435
17.0,11.4,0.4,0.72,294.72284519556086,1464.696315401338,1540.6444307365134,1675.4881648121866,0.029319118708372116,1.3869275884174388
17.0,12.8,0.4,0.72,247.87676636764385,1357.519386021216,1466.075478976821,1598.8738710012399,0.0414324589073658,1.4503752094183362
17.0,14.2,0.4,0.72,218.52475847438555,1271.5375749187378,1361.9024185506921,1533.126276819764,0.05338354781270027,1.497608020144555
17.0,15.6,0.4,0.72,205.92197307519714,1197.6804440221092,1268.3403791786286,1470.5588608469977,0.06022312119603157,1.479540747400504
17.0,17.0,0.4,0.72,177.98461564329236,1116.6733837322708,1132.9798638489754,1333.0465878287075,0.08045456558465958,1.3980874775820515
20.0,10.0,0.4,0.72,343.98986381893883,1531.2912711505842,1585.4897243337148,1843.9456645026992,0.021580951288342476,1.2306387891996526
20.0,11.4,0.4,0.72,277.64934243795955,1479.0769889866644,1488.9392249033667,1760.8508586869605,0.03291153907775879,1.3786188986393475
20.0,12.8,0.4,0.72,266.7523538963348,1386.1595145285662,1457.3154295941652,1685.110248450052,0.03569374233484268,1.3746607436847773
20.0,14.2,0.4,0.72,240.95600133926644,1290.2148598184654,1370.1352225146913,1610.1266534153087,0.043938443064689636,1.5156458386302307
20.0,15.6,0.4,0.72,201.90907031697785,1228.12525346011,1309.0930562496594,1549.480020167914,0.06226910278201103,1.4233067890504176
20.0,17.0,0.4,0.72,185.27014548000125,1148.9659839120689,1157.7505422113181,1457.4195477267729,0.07397705316543579,1.4580626577891591
5.0,10.0,0.4,0.8,314.6724828535182,970.2631092089063,1062.7614904233856,1776.3918414496586,0.025743791833519936,1.3893791566766414
5.0,11.4,0.4,0.8,269.68794147399217,911.3936035100809,959.2194725793294,1692.9061367872923,0.03504035249352455,1.5760906533173666
5.0,12.8,0.4,0.8,236.1791438572384,859.546999651118,873.4696543019485,1506.324380771527,0.04585755988955498,1.619710447098325
5.0,14.2,0.4,0.8,210.8963754273332,797.4889187649088,812.4413553807641,1259.1783469506377,0.057805780321359634,1.6406239548227555
5.0,15.6,0.4,0.8,191.6367215071809,727.123654930214,768.5126486609815,1072.7169460807515,0.07033728808164597,1.6005676727025755
5.0,17.0,0.4,0.8,176.8557782249001,653.0881040982315,718.4141873501966,968.1583917786695,0.08264457434415817,1.5439816191147404
8.0,10.0,0.4,0.8,341.3781662646099,1313.8495145688385,1363.6694668138352,1790.1274383556895,0.021932633593678474,1.23074547060442
8.0,11.4,0.4,0.8,290.9237204725824,1235.830443020982,1244.3087379562098,1703.4080795529899,0.030163710936903954,1.4039193349888044
8.0,12.8,0.4,0.8,256.0152414595283,1132.0006478301068,1182.1261952620405,1574.129434740478,0.03903236985206604,1.4266582272363812
8.0,14.2,0.4,0.8,224.9347632114224,1045.1163425544187,1126.9545335042667,1418.9930699878616,0.050659019500017166,1.4496836960720523
8.0,15.6,0.4,0.8,203.20929343026168,961.3411919932555,1070.9975482725258,1219.4869904047507,0.06237009912729264,1.5740932057112846
8.0,17.0,0.4,0.8,188.75514506788303,870.7943998463634,1000.4388377281451,1066.1156345917684,0.07247548550367355,1.4066123144763056
11.0,10.0,0.4,0.8,365.82729187790227,1527.180990862469,1546.9457054972295,1750.795650939083,0.019157059490680695,1.1298650526672027
11.0,11.4,0.4,0.8,311.2932132797305,1398.8096799331672,1471.1559756247777,1686.7477764990745,0.02634923905134201,1.2255841538527157
11.0,12.8,0.4,0.8,268.1370014661826,1287.5883461868186,1402.0281915890578,1602.5087378851947,0.035432420670986176,1.2912168810990692
11.0,14.2,0.4,0.8,234.93178561226594,1191.4495863527252,1339.7430157310544,1423.2618423443012,0.0463939793407917,1.4223281016755431
11.0,15.6,0.4,0.8,215.85726475841813,1109.3812220855473,1279.7784404047281,1284.1570236337413,0.05506116524338722,1.4353772785631163
11.0,17.0,0.4,0.8,196.38360396429755,1017.2570951114291,1127.6284822476107,1197.3099784025721,0.06654898822307587,1.407012405957425
14.0,10.0,0.4,0.8,367.05907662275206,1610.6246846868103,1688.32185972248,1710.0236404027062,0.019021565094590187,1.0907484311734494
14.0,11.4,0.4,0.8,336.5130527622522,1482.9762738257948,1627.57106977703,1641.174372797088,0.02261940762400627,1.1524539420010917
14.0,12.8,0.4,0.8,276.16363700998403,1364.177876059831,1535.8134699242764,1549.4458931617776,0.03353946655988693,1.1983400501214068
14.0,14.2,0.4,0.8,238.83914954492874,1272.8947347357007,1410.8510074470214,1484.5266705950824,0.04483739659190178,1.226592365568436
14.0,15.6,0.4,0.8,218.58781334209928,1192.0680076729877,1288.8513883169737,1420.3260659127238,0.053604960441589355,1.2555710699390457
14.0,17.0,0.4,0.8,198.0955367262144,1106.1779718262665,1146.0464028805266,1331.1884460036304,0.06511076539754868,1.3467987628637055
17.0,10.0,0.4,0.8,367.94999154735456,1624.7514977517492,1641.317053540997,1825.9651867116033,0.01892940141260624,1.1117916499471359
17.0,11.4,0.4,0.8,332.21396617963404,1522.0407749947528,1583.6206595823976,1740.8300638235871,0.023185620084404945,1.2230624578824065
17.0,12.8,0.4,0.8,282.22687564316345,1407.1194683519993,1502.0332115836145,1658.0011651259256,0.032116830348968506,1.2499690772166743
17.0,14.2,0.4,0.8,248.7260405140616,1317.068858321887,1398.5932466114466,1589.4531084970197,0.04136582836508751,1.2866486679435996
17.0,15.6,0.4,0.8,231.07732920034542,1239.2169523978805,1292.1179849993355,1522.0041073190202,0.048000965267419815,1.2626170389111038
17.0,17.0,0.4,0.8,203.06296585462349,1143.7970635187291,1154.1876375717045,1396.2525177354594,0.062052033841609955,1.2189877628086088
20.0,10.0,0.4,0.8,392.2780340627851,1575.816873030582,1644.6644795037332,1915.0347440182911,0.01670757122337818,0.9749299321281937
20.0,11.4,0.4,0.8,319.2120393567606,1526.5341974636167,1533.6022553574642,1827.9830074241083,0.0250368844717741,1.1679093083386693
20.0,12.8,0.4,0.8,296.87463550201807,1436.8072786343444,1488.1670146068682,1748.2588428079475,0.028934497386217117,1.2713528436726902
20.0,14.2,0.4,0.8,269.9380213431927,1336.4882028616585,1398.3178947450435,1669.2094142094845,0.035151444375514984,1.2030317502767292
20.0,15.6,0.4,0.8,229.1477549520143,1270.40885045152,1327.0420034081822,1605.0910184080185,0.04854917153716087,1.1791359305351397
20.0,17.0,0.4,0.8,210.95352647007564,1168.5380048329712,1187.8870887592486,1507.254517801837,0.0572611540555954,1.1829962564180625
5.0,10.0,0.5,0.4,126.10748126735095,796.2729427085837,885.3961898357477,1469.2234055745353,0.15705502033233643,4.737213819764098
5.0,11.4,0.5,0.4,106.14265412657005,739.7412300636358,791.8941725488583,1402.0606972750877,0.22198669612407684,5.271164696379562
5.0,12.8,0.5,0.4,92.09820276572964,692.2563719395389,715.5867996472481,1081.6614895134023,0.2956562936306,5.642100488079221
5.0,14.2,0.5,0.4,82.48311957144176,645.2102650901505,651.3663563529262,800.0613639325994,0.37017250061035156,5.512244471517648
5.0,15.6,0.5,0.4,74.49272376931826,531.8831082581876,608.1366618012671,613.8557762512686,0.4575805068016052,5.489107709209534
5.0,17.0,0.5,0.4,69.24036107310988,505.41347422557766,561.5502928522446,573.8532402709076,0.52898108959198,5.454575070019919
8.0,10.0,0.5,0.4,155.5130104966924,1062.5124545107853,1115.5744132315806,1476.208830041645,0.10346569865942001,3.899789816076826
8.0,11.4,0.5,0.4,117.6689951158561,998.4431719356226,1006.7439956851819,1407.7653867688277,0.18067000806331635,4.2056054715618885
8.0,12.8,0.5,0.4,99.08693022996162,922.7815872661938,945.9162381057756,1317.9251201426466,0.2549898624420166,4.730857138550422
8.0,14.2,0.5,0.4,96.2945579382679,847.3272070497329,897.9742511838458,1118.319438045073,0.2707900404930115,5.021726231254574
8.0,15.6,0.5,0.4,79.6609191194066,767.8249508442976,853.1171765814756,859.4465931064938,0.39646995067596436,4.832325275285332
8.0,17.0,0.5,0.4,77.35652764598237,616.7210359662913,722.3456281388671,800.3678231313328,0.4233371913433075,4.871670781824354
11.0,10.0,0.5,0.4,191.42594048517952,1227.0332107064617,1232.8570750688352,1451.5803348260897,0.06849602609872818,3.118625410258442
11.0,11.4,0.5,0.4,145.79438785588766,1124.4728915490462,1167.8004268866837,1405.8836971598232,0.11789143830537796,3.6633557854137586
11.0,12.8,0.5,0.4,106.95211433273681,1039.0877459936712,1112.204480907252,1367.2699967810113,0.21850700676441193,3.9855748914444566
11.0,14.2,0.5,0.4,100.76919214921664,953.1090022076487,1059.1686748836505,1114.2264772282817,0.24754950404167175,4.533927691101267
11.0,15.6,0.5,0.4,92.9451359415555,886.7540723894044,1013.8766323285838,1026.556995213697,0.2911665737628937,4.16945896777839
11.0,17.0,0.5,0.4,82.26237212391277,815.0578937102218,917.8023539548423,956.2540562563786,0.37191301584243774,4.586856336803222
14.0,10.0,0.5,0.4,158.3180053009295,1280.4866498538595,1347.503105240337,1407.2818118550103,0.0998268872499466,3.5744024548676765
14.0,11.4,0.5,0.4,185.04177200918778,1177.9009381338446,1278.7497119534328,1382.123491235048,0.07381206005811691,4.027480720760135
14.0,12.8,0.5,0.4,125.54045939795283,1099.3196225241356,1223.2495034757549,1352.049024770797,0.15873154997825623,4.319078776737625
14.0,14.2,0.5,0.4,93.2681900013288,1018.5188137396652,1168.9034151982169,1231.2853368042552,0.287830650806427,4.382678643948103
14.0,15.6,0.5,0.4,87.6933030241375,948.171301493032,1119.6995465958628,1132.9215173239159,0.3263091742992401,4.335715783032578
14.0,17.0,0.5,0.4,81.02755011134168,884.6657688738983,1059.1164000042836,1059.6449197783336,0.38226407766342163,4.318863156389558
17.0,10.0,0.5,0.4,150.15921071111075,1293.8195710170987,1364.2197910781497,1426.642247423998,0.11089479923248291,3.6866336102804342
17.0,11.4,0.5,0.4,147.36476357688926,1200.8277115466092,1338.5261514358008,1358.0680250779644,0.11530124396085739,3.944063703568288
17.0,12.8,0.5,0.4,138.78378793713503,1114.4406190126754,1295.4268175987131,1298.6815724170508,0.13020823895931244,3.760258754770697
17.0,14.2,0.5,0.4,112.2462691696735,1048.655060772022,1244.5660548090764,1257.293318270804,0.1988471895456314,4.152913653615215
17.0,15.6,0.5,0.4,124.9788966850145,988.9294115620695,1197.3152452902712,1198.650910517117,0.16106726229190826,4.009289635563701
17.0,17.0,0.5,0.4,79.43690938970789,927.0436194313382,1075.96752002136,1136.4230261721943,0.39719656109809875,4.223238971831316
20.0,10.0,0.5,0.4,206.0569283479464,1287.224996782001,1333.4792656847067,1484.7425062794562,0.05921123921871185,3.1077170469952686
20.0,11.4,0.5,0.4,139.0689285603533,1202.610489164432,1308.9229552868067,1418.8517018373486,0.12930828332901,3.518974578422175
20.0,12.8,0.5,0.4,124.77203857181763,1128.2514481919038,1287.149436990217,1357.736392624994,0.16064944863319397,3.356767196004024
20.0,14.2,0.5,0.4,169.01230926139084,1053.6301150695801,1249.6651358328654,1299.6505625506989,0.08824706822633743,3.1560860987111514
20.0,15.6,0.5,0.4,120.90353350367506,1005.4342462882774,1215.2966027205803,1256.528854890103,0.17196236550807953,3.882714471928252
20.0,17.0,0.5,0.4,104.86714512939034,947.670901676323,1099.199128594147,1195.3913898636142,0.22805742919445038,3.8914871518997085
5.0,10.0,0.5,0.48,161.84754568481034,842.0994850535686,932.902567088725,1546.6012568968424,0.09563374519348145,3.5643446379691506
5.0,11.4,0.5,0.48,136.62078498983794,784.5819453069986,836.4281647803903,1476.4675730655424,0.13439181447029114,3.7909250903997225
5.0,12.8,0.5,0.48,118.79971406882859,736.2118695513216,758.5580264693211,1178.8596746809071,0.17830722033977509,3.8713447929151656
5.0,14.2,0.5,0.48,106.35972975512561,685.7134972619372,693.2095347790541,877.226355106158,0.22368378937244415,3.9447860672771338
5.0,15.6,0.5,0.48,96.06102677452154,605.5274025396658,654.7034166495199,673.1395227629627,0.27631351351737976,4.085987295078924
5.0,17.0,0.5,0.48,89.2631704072393,551.2538209606793,611.3282190461842,630.0837973497095,0.319838285446167,4.045000581876869
8.0,10.0,0.5,0.48,185.27069871963204,1127.5329783517907,1179.5102049639684,1552.8907548435632,0.0731029063463211,2.9439175320691016
8.0,11.4,0.5,0.48,149.37796559413692,1062.0402244419088,1066.5331769551603,1481.4558981767939,0.11246171593666077,3.1375355230684616
8.0,12.8,0.5,0.48,127.40633876713282,977.5353023531618,1007.1404112892787,1373.5443103955718,0.15482257306575775,3.391021636275304
8.0,14.2,0.5,0.48,119.5135626916791,899.7172782989323,957.2571418855941,1208.0980979329745,0.1763550490140915,3.5533966753102395
8.0,15.6,0.5,0.48,102.31799711293552,813.9508895427579,901.8408971724657,909.5375280351631,0.24162425100803375,3.3981322562178535
8.0,17.0,0.5,0.48,100.00384332390898,698.6320296493961,773.6701104506338,852.2622996074695,0.2546218931674957,3.668123160382842
11.0,10.0,0.5,0.48,212.92649794681682,1304.0592025763342,1314.1967766056248,1522.9003580160665,0.055488310754299164,2.6697283431476047
11.0,11.4,0.5,0.48,171.48486405486517,1195.0051691421336,1245.3002276050715,1475.564720400748,0.0854119136929512,2.756028339078288
11.0,12.8,0.5,0.48,136.05243732089662,1104.3333651442153,1186.9990168729792,1429.4239854482562,0.1354093849658966,2.9896726514013467
11.0,14.2,0.5,0.48,125.78043994675815,1014.5548034837688,1131.5446119897126,1197.1198427726847,0.15949435532093048,3.1868538969581146
11.0,15.6,0.5,0.48,114.31139537466413,943.200498645398,1082.4988827591187,1093.6827086176538,0.193197563290596,3.0699003118522246
11.0,17.0,0.5,0.48,102.26913181819482,864.5554025574621,970.0811291029385,1018.1764382337633,0.24155259132385254,3.1915861456016543
14.0,10.0,0.5,0.48,195.53043173033478,1364.7310924151313,1439.3928311486213,1474.5095830428988,0.06566791236400604,2.5560231034476977
14.0,11.4,0.5,0.48,209.01296613735116,1255.6461191175924,1367.0882353732381,1447.7919783692087,0.05780128389596939,2.6596336096764084
14.0,12.8,0.5,0.48,151.8282061776887,1171.3715155329403,1308.8060803266537,1413.5157972641243,0.1088089570403099,3.0400043606504834
14.0,14.2,0.5,0.48,119.81623574776836,1083.7130458293086,1249.7426635909205,1269.6871244942608,0.17505855858325958,3.132700330438216
14.0,15.6,0.5,0.48,111.08704481639738,1006.0650561255709,1147.1051507116372,1162.929102434904,0.20426471531391144,3.03143308323512
14.0,17.0,0.5,0.48,102.5372760063023,939.6231583036741,1078.578077727799,1126.3560830363583,0.23958605527877808,3.242978175268845
17.0,10.0,0.5,0.48,189.8998836739619,1381.5986331488514,1424.064761814465,1527.122657023817,0.06958217918872833,2.69076875046791
17.0,11.4,0.5,0.48,180.99556881194908,1280.6911112549499,1397.4688996452487,1453.2563263602676,0.0766681507229805,2.9653512806368303
17.0,12.8,0.5,0.48,162.59996429970033,1189.312716556636,1349.330433471219,1387.1042220454915,0.09513379633426666,2.998360245402941
17.0,14.2,0.5,0.48,135.29467969993325,1117.161835558308,1296.092111667524,1332.137114443771,0.13730406761169434,3.2154424879327923
17.0,15.6,0.5,0.48,139.35196629937607,1053.3251324752525,1225.961110837434,1280.317271309632,0.12987008690834045,2.7449046423242076
17.0,17.0,0.5,0.48,101.96849810537981,985.8262554546997,1096.1528320560558,1211.5616344880127,0.24191586673259735,2.9914864624683313
20.0,10.0,0.5,0.48,223.50677319683717,1376.603233014548,1385.4919624580893,1591.5923718598292,0.05039283260703087,2.385239736859689
20.0,11.4,0.5,0.48,167.29097550762262,1284.1354837403792,1360.371637984029,1520.2377822113904,0.08958005160093307,2.662705714350661
20.0,12.8,0.5,0.48,151.08979927254734,1204.6525163062522,1337.0081242275369,1455.051764667851,0.10982818901538849,2.420713421201299
20.0,14.2,0.5,0.48,178.8645768724526,1125.0002371995972,1284.3734872168689,1393.3522870299857,0.07897970825433731,2.1885950337581526
20.0,15.6,0.5,0.48,140.1394921997758,1072.2363856327697,1249.7877692660663,1345.0169881470847,0.12821874022483826,2.838075652519998
20.0,17.0,0.5,0.48,122.45132365973662,1009.0251703565517,1121.5767603515435,1275.3372220497238,0.1677236258983612,2.876813107962078
5.0,10.0,0.5,0.56,199.8123760964755,881.9783788870467,974.3050921364458,1614.5300082538088,0.06297223269939423,2.7053994199695923
5.0,11.4,0.5,0.56,169.5958257197129,825.8453547533884,876.6474194371636,1542.2246720823766,0.08752942830324173,2.918479332993098
5.0,12.8,0.5,0.56,147.45832805449595,774.4928301302548,794.7425134797672,1271.286360789331,0.11618288606405258,2.98940298949944
5.0,14.2,0.5,0.56,131.88171254675714,721.1298556900782,730.2699628510081,966.7968752787236,0.14615201950073242,3.0655843433540477
5.0,15.6,0.5,0.56,119.30885841894586,650.4999359918438,689.4179752834066,766.4459576973152,0.17978927493095398,3.0678898986174983
5.0,17.0,0.5,0.56,110.44859068421057,585.9744960880215,645.0957531924677,713.8279633509695,0.2097775787115097,2.9187398107616764
8.0,10.0,0.5,0.56,222.49223305463354,1185.2112541617878,1237.3777516703603,1623.4373841243528,0.050871625542640686,2.316178387878353
8.0,11.4,0.5,0.56,184.54658584774998,1116.9794851002534,1120.1785227661546,1545.327256972301,0.07397551089525223,2.6097374952214976
8.0,12.8,0.5,0.56,158.50699187458505,1025.4060885029703,1061.0411240660012,1425.0376880434685,0.10046826303005219,2.6455696620243763
8.0,14.2,0.5,0.56,146.1350633356371,944.6903675144787,1009.2177784005711,1252.9535119393227,0.11851602792739868,2.6003211275309326
8.0,15.6,0.5,0.56,126.82574500290143,860.2751782074533,958.9905379241624,971.2556254933082,0.15805628895759583,2.586225111438203
8.0,17.0,0.5,0.56,120.719902534761,767.1884722935827,831.9735143238266,897.9837192763235,0.17534314095973969,2.6354375574801385
11.0,10.0,0.5,0.56,250.47688710087792,1372.65350697134,1384.2613498310384,1590.8064802039867,0.0402449369430542,1.9977605363318014
11.0,11.4,0.5,0.56,203.6187974232018,1256.9878843812658,1314.342041434878,1538.741326092799,0.06077922135591507,2.1676723143020653
11.0,12.8,0.5,0.56,168.03537912958905,1160.2023797124732,1252.2342072567249,1478.626661785104,0.08908246457576752,2.323766508994552
11.0,14.2,0.5,0.56,152.51831258134948,1067.4285847137771,1193.9908082771503,1281.4127645653432,0.10890758037567139,2.384375981815133
11.0,15.6,0.5,0.56,138.4270096355204,993.8686227052399,1141.807028008735,1177.3169635358179,0.13224439322948456,2.3342816050749464
11.0,17.0,0.5,0.56,124.6517152863184,910.7594141682389,1029.3499052780605,1072.7780829374503,0.16328611969947815,2.4244015630869873
14.0,10.0,0.5,0.56,237.2580236033805,1439.477376101559,1520.8556493177107,1535.1056931320088,0.0447876863181591,1.9219949921811208
14.0,11.4,0.5,0.56,242.75825644834555,1324.9327559178657,1446.2762324926216,1507.465388779108,0.04300699755549431,2.2061514980495383
14.0,12.8,0.5,0.56,180.97561094613084,1234.7816790380987,1383.799099207423,1466.593191862209,0.07681325823068619,2.287377889565985
14.0,14.2,0.5,0.56,148.7568832795681,1142.1261948586691,1315.2696310237232,1321.4899874051362,0.11400415748357773,2.2945175119136563
14.0,15.6,0.5,0.56,136.93678048230163,1059.913016466999,1185.6534420399744,1206.3521430539763,0.1350434422492981,2.239939741918649
14.0,17.0,0.5,0.56,125.72574749319699,989.0673366198441,1096.5128222974406,1169.4359259789414,0.16001461446285248,2.449626698283902
17.0,10.0,0.5,0.56,232.79510171713147,1460.775108031437,1482.1164147444922,1617.3114646680176,0.04649002104997635,2.0434540380757498
17.0,11.4,0.5,0.56,218.57934766968467,1354.3205377134377,1453.5306923239627,1539.6695497940348,0.052772898226976395,1.9468716692307801
17.0,12.8,0.5,0.56,190.69179620845563,1253.227636746426,1388.5441117628413,1467.294333630063,0.06943970173597336,2.2923480891166226
17.0,14.2,0.5,0.56,161.0798606405013,1179.2353014158405,1333.3552883523353,1410.0048856845692,0.09717517346143723,2.3107053337155525
17.0,15.6,0.5,0.56,159.9518714194945,1110.2217662728578,1250.1012898301103,1353.3877183406353,0.0988846942782402,2.153761634003916
17.0,17.0,0.5,0.56,126.06901349542939,1037.8914512784183,1113.8107793009679,1276.7783258468216,0.15886782109737396,2.2504271795942636
20.0,10.0,0.5,0.56,286.5443608992877,1447.1163344260137,1458.258146406235,1688.6309798196094,0.030885431915521625,1.7874517127399756
20.0,11.4,0.5,0.56,205.32897109566363,1359.426135581354,1410.6102389446469,1612.0263398672969,0.05967877060174942,2.0600213081269234
20.0,12.8,0.5,0.56,187.47260625378857,1274.7879333382602,1384.5521019200453,1543.3276376231217,0.07158497720956802,2.113824424272227
20.0,14.2,0.5,0.56,203.30560868577948,1187.817187536,1319.1522863401992,1475.3085166215656,0.061344385147094734,2.443660208780033
20.0,15.6,0.5,0.56,162.16547559877358,1131.7504121988454,1273.8087398221019,1423.2046001310794,0.09598090499639511,2.2773017359121357
20.0,17.0,0.5,0.56,142.4047746051859,1063.1050690690868,1138.8328789045981,1345.7711301830664,0.12438556551933289,2.332494070365462
5.0,10.0,0.5,0.64,238.247250559396,916.2057032279608,1008.8806273263594,1676.0617899922163,0.044467952102422714,2.0434703629742397
5.0,11.4,0.5,0.64,202.57456791990924,858.3470440383132,908.0119597088346,1596.5149944300886,0.06159924715757369,2.319670241103679
5.0,12.8,0.5,0.64,176.90068347750966,807.2565620004674,825.8641938614339,1368.4838481867673,0.0810311958193779,2.435713904656462
5.0,14.2,0.5,0.64,157.87308123610632,750.8231279057106,761.7490465314423,1066.1569135770146,0.10240258276462555,2.342223184524658
5.0,15.6,0.5,0.64,142.74300367893127,681.4018955901076,719.3805227683595,873.3165418604663,0.12597937881946564,2.424207005583124
5.0,17.0,0.5,0.64,132.28284783241023,612.0173907244817,672.3803505285787,801.7023327633158,0.14676664769649506,2.3532498284759114
8.0,10.0,0.5,0.64,261.8235257867237,1235.1908216202723,1287.4684443440678,1684.7814102241286,0.03689756989479065,1.7338673688012267
8.0,11.4,0.5,0.64,219.48765804069407,1161.9424410759068,1166.7081059638888,1602.4934460015872,0.05250602588057518,1.9372849089252602
8.0,12.8,0.5,0.64,189.9053805812842,1066.2165234013592,1107.3115473303656,1477.7953944212318,0.07029543817043304,2.0049757200388414
8.0,14.2,0.5,0.64,172.97811344360076,983.0553747828577,1053.6991331097915,1315.1521198206567,0.08497125655412674,2.075785134189984
8.0,15.6,0.5,0.64,151.78303988168932,899.7132580694699,1001.1570671411926,1048.8519937067183,0.11086650937795639,2.1128858246069404
8.0,17.0,0.5,0.64,141.6772879091321,812.5025946659337,902.1199102351259,937.183454668225,0.12774793803691864,2.018242567185928
11.0,10.0,0.5,0.64,283.8285303008657,1432.2906337708885,1446.0419914306647,1645.8983013439997,0.03147202730178833,1.706105275176146
11.0,11.4,0.5,0.64,236.93750991234327,1310.7248312810725,1373.3292662211534,1592.2725063642297,0.04505937546491623,1.6978572077740095
11.0,12.8,0.5,0.64,199.8948617143548,1208.0129487219722,1308.3447559491738,1522.2870687511715,0.063195139169693,1.7923130826968379
11.0,14.2,0.5,0.64,179.49321120097875,1114.7526719808768,1249.1962564763153,1328.8373556508732,0.07893244177103043,1.9188219585274124
11.0,15.6,0.5,0.64,163.02776007973242,1037.0062286152736,1193.7410292444501,1221.244966670496,0.09575822204351425,1.900379968326305
11.0,17.0,0.5,0.64,147.33729005831518,952.9970055954418,1099.4477661436667,1102.722096940441,0.11731681227684021,1.9024746752563857
14.0,10.0,0.5,0.64,279.0815584087092,1503.3764164165577,1589.7660502577025,1591.4842738288064,0.03252487629652023,1.558519004264898
14.0,11.4,0.5,0.64,266.9580409787507,1384.570080635856,1514.0951677401208,1554.5598520778026,0.03563287854194641,1.735887173391662
14.0,12.8,0.5,0.64,212.0219994587642,1289.5978087332182,1449.3817442200457,1510.8187181395162,0.05616272613406181,1.8978748003342958
14.0,14.2,0.5,0.64,177.7994476635781,1190.766096926138,1347.0192982622577,1382.6057756230437,0.08015923947095871,1.8507341012642098
14.0,15.6,0.5,0.64,164.18793104521754,1108.617290551267,1214.6137349171913,1280.5533346516152,0.09435965120792389,1.8161742596314396
14.0,17.0,0.5,0.64,148.82998676322364,1031.4303923238458,1109.156572355688,1224.7473379463781,0.11463477462530136,1.9079171008474667
17.0,10.0,0.5,0.64,277.3308949010185,1529.4333955949298,1532.6350041366654,1696.386051270338,0.03292502835392952,1.6357117481409749
17.0,11.4,0.5,0.64,257.16333398485074,1417.7639215351476,1500.8396383061563,1614.8766074765033,0.03829414024949074,1.5696393878071428
17.0,12.8,0.5,0.64,220.47102904083832,1312.7001568389283,1429.9978409330893,1539.6174541141368,0.05214868113398552,1.8023453695911666
17.0,14.2,0.5,0.64,188.70119901584158,1232.1466280422776,1362.556501293965,1478.0766768796575,0.07109443843364716,1.8347572533237133
17.0,15.6,0.5,0.64,181.83236961305076,1160.300901618746,1274.9653021909328,1417.6364026264444,0.076762855052948,1.781786120250514
17.0,17.0,0.5,0.64,151.72928294017106,1082.2902323776577,1124.7744526733677,1318.4702173717887,0.11015220731496811,1.7797541371730252
20.0,10.0,0.5,0.64,310.3884974424489,1491.897050918855,1528.865842470119,1773.2314754068097,0.02639481984078884,1.3851427795669702
20.0,11.4,0.5,0.64,243.2944107303327,1424.9721950450462,1453.4788708192848,1693.208873692877,0.04267630726099014,1.6244298165121331
20.0,12.8,0.5,0.64,225.97323889369528,1334.6978509878836,1422.4356858274432,1619.501924609473,0.04948402941226959,1.6952498863881516
20.0,14.2,0.5,0.64,219.50189301515678,1243.711650269226,1351.4982321452023,1547.9913384426206,0.05272263288497925,1.4979965115734577
20.0,15.6,0.5,0.64,182.8343772680249,1182.8016696152504,1293.1612226073532,1491.1498398690323,0.07572833448648453,1.7683542748304981
20.0,17.0,0.5,0.64,164.81582974466374,1109.565774742883,1150.5018372452573,1406.1416260350215,0.09316717833280563,1.808266652283057
5.0,10.0,0.5,0.72,279.7259759002407,948.1565847537237,1041.0177932143145,1731.6570095578636,0.03242315351963043,1.6925402927486823
5.0,11.4,0.5,0.72,238.1031527997137,890.1081875677914,939.7395518524957,1651.7352360506563,0.04477240517735481,1.7720946651090768
5.0,12.8,0.5,0.72,207.42296252054987,837.7281227327909,854.0908219563067,1462.1541429907234,0.059172116219997406,1.9508874036799542
5.0,14.2,0.5,0.72,185.3395790122712,778.3292981312044,791.2498433166323,1172.6120034966023,0.07457832247018814,1.9590846277166594
5.0,15.6,0.5,0.72,168.0420544466791,708.7055485700537,748.380193462552,977.7781210949496,0.09120520949363708,1.9628938267541045
5.0,17.0,0.5,0.72,155.55482799241813,636.5828141696666,699.6113284955552,888.666614402708,0.10652521997690201,1.8143115011468178
8.0,10.0,0.5,0.72,304.05845346006186,1280.3637044450543,1332.1133558008949,1741.617637049315,0.0275069922208786,1.4421246916250576
8.0,11.4,0.5,0.72,257.3261670234489,1205.844019756584,1211.479613522672,1658.5496930082438,0.038373786956071854,1.533971660728597
8.0,12.8,0.5,0.72,222.7896058115521,1104.3806303476726,1150.2620162334495,1531.0881739786464,0.05130481719970703,1.6226396779441583
8.0,14.2,0.5,0.72,201.9955366111157,1019.5402687094548,1095.6225813682454,1385.4803716565887,0.06256061792373657,1.6259558291660596
8.0,15.6,0.5,0.72,178.63269974930952,936.4715020959605,1041.4432472305054,1143.5048289773877,0.0803743526339531,1.710609288599589
8.0,17.0,0.5,0.72,166.17571739674872,847.4789227808941,973.0130544348776,997.2838814025895,0.09316011518239975,1.674002414437311
11.0,10.0,0.5,0.72,326.7203772408035,1487.4031134997308,1503.530543045783,1706.0831005594357,0.023875072598457336,1.3800744597052943
11.0,11.4,0.5,0.72,274.76659769139235,1362.0211598652197,1429.3708183438664,1647.1346623803454,0.033640917390584946,1.3730003500122028
11.0,12.8,0.5,0.72,234.4446609496183,1254.3127393646025,1361.815195455489,1567.5713085719408,0.04613504931330681,1.5007362669841091
11.0,14.2,0.5,0.72,209.72176701371382,1157.745435924878,1299.623171946571,1375.4726635918837,0.058053158223629,1.5320882090195196
11.0,15.6,0.5,0.72,189.79401967429072,1078.3133668511925,1242.566590556844,1257.757138119592,0.07092241942882538,1.58818373637993
11.0,17.0,0.5,0.72,172.06031001499255,990.0787486709636,1116.5163643904757,1164.9849474419461,0.08634339272975922,1.5862436873968124
14.0,10.0,0.5,0.72,324.5588609279648,1564.3770327912248,1643.858886106675,1657.9805178398594,0.024185968562960625,1.2851331320188963
14.0,11.4,0.5,0.72,305.58726874864567,1439.8848125110455,1577.3495846167357,1601.2754467054021,0.027333464473485947,1.4984098992599646
14.0,12.8,0.5,0.72,245.24818518944892,1338.9522309149324,1508.5313340532266,1548.9231052196594,0.04214291274547577,1.485442099460619
14.0,14.2,0.5,0.72,209.13975583718846,1237.1090919082026,1378.1254406789944,1439.4564642326168,0.05820957571268082,1.490170401626136
14.0,15.6,0.5,0.72,192.49237797271067,1154.8571176389876,1243.9007657574793,1369.1603132782352,0.068940170109272,1.458351389559263
14.0,17.0,0.5,0.72,174.72839601556475,1071.1268629566723,1123.975047819128,1290.7943079698705,0.08349844068288803,1.5832279598915042
17.0,10.0,0.5,0.72,324.9668946620911,1582.22978944957,1592.0472114113684,1768.4404329462288,0.024121738970279694,1.3253414665901537
17.0,11.4,0.5,0.72,289.29638241067073,1477.566733736754,1545.9109818018253,1685.2649882487815,0.030375614762306213,1.3019853981466625
17.0,12.8,0.5,0.72,253.24630433582055,1364.499973833394,1469.0584386761645,1604.4815878367892,0.039697542786598206,1.4984767319982732
17.0,14.2,0.5,0.72,218.4999201580596,1280.1957242256722,1390.2594236884229,1539.2558591767354,0.05326704680919647,1.4275409214330141
17.0,15.6,0.5,0.72,206.694597236225,1205.751489772386,1294.7574744350477,1475.7305872159354,0.0596487820148468,1.4675363676811055
17.0,17.0,0.5,0.72,177.92228565697275,1124.2958968775777,1138.835701731969,1380.7221607146375,0.08042656630277634,1.4990602394852495
20.0,10.0,0.5,0.72,368.7782754447368,1542.133681813594,1594.768426292593,1852.054445976713,0.01884233020246029,1.2909581246401733
20.0,11.4,0.5,0.72,285.1853255202254,1485.7396091167848,1495.9250371214605,1767.9869933586651,0.031219655647873875,1.3281901801349176
20.0,12.8,0.5,0.72,260.4454012848361,1390.1671318924841,1458.1960716290982,1690.2533180879184,0.037420887500047684,1.2953825516716733
20.0,14.2,0.5,0.72,244.74143976757173,1294.4698466018206,1372.5869348170002,1614.1363486979772,0.04259846732020378,1.3281891823618115
20.0,15.6,0.5,0.72,211.09335337236845,1229.1181404177842,1312.2405443465054,1552.0310115155294,0.05704101175069809,1.3769183662257658
20.0,17.0,0.5,0.72,189.49245128232945,1152.6297762283393,1162.514405057414,1462.0688648911969,0.07074099779129028,1.373871169080951
5.0,10.0,0.5,0.8,321.64970200130387,976.8118369191753,1070.7443873219997,1783.6105161572539,0.024661703035235405,1.393863238741348
5.0,11.4,0.5,0.8,274.0401544472662,918.8741294448273,967.8035691468957,1701.340917122929,0.033949822187423706,1.51956046721067
5.0,12.8,0.5,0.8,239.28013829998966,865.7569360218674,880.530975428024,1551.1578971307672,0.04464193806052208,1.662890005749616
5.0,14.2,0.5,0.8,214.1480961825902,803.4707243166216,817.8732493640191,1283.2073242711142,0.0560535304248333,1.5676153468820204
5.0,15.6,0.5,0.8,193.97164351302717,733.0520552605274,774.6072015591568,1090.7366954237436,0.06863556802272797,1.6411387449181896
5.0,17.0,0.5,0.8,179.02459634408527,658.6000213178263,724.2342285016782,980.0357800674025,0.08065403997898102,1.5276661138099996
8.0,10.0,0.5,0.8,347.4604576033252,1320.649540922244,1372.0534579051327,1794.7311393135792,0.021193569526076317,1.1804178724938212
8.0,11.4,0.5,0.8,295.25826264765914,1244.3561274643146,1252.4428875424671,1711.007373018688,0.02929343469440937,1.311401082855575
8.0,12.8,0.5,0.8,257.0241673261746,1139.2558532523356,1189.142986652315,1579.721389956074,0.038736142218112946,1.420081995913783
8.0,14.2,0.5,0.8,231.08814795054965,1051.0092299440805,1132.1578260442357,1422.64321480342,0.048015084117650986,1.3806044802997008
8.0,15.6,0.5,0.8,205.7544524108281,967.5401478130317,1077.1358233946928,1231.9554655651807,0.06084087863564491,1.4055369823472896
8.0,17.0,0.5,0.8,190.6393644656834,877.203192473909,1006.5005381395215,1093.7593566880512,0.07097698003053665,1.3723033047996973
11.0,10.0,0.5,0.8,367.8486783176352,1535.9894611559562,1554.1559071237657,1754.602463481637,0.01894482970237732,1.0808331330293275
11.0,11.4,0.5,0.8,312.00470566354375,1406.614309152844,1478.4324309550907,1691.6347460775141,0.02622181735932827,1.1398004748604151
11.0,12.8,0.5,0.8,269.2260029815767,1294.785164562889,1409.4114855502733,1607.6739686325614,0.035146333277225494,1.2781509844563028
11.0,14.2,0.5,0.8,240.09734309427392,1196.1066934791013,1344.6511918803249,1417.383513952242,0.04447892680764198,1.2702250097360634
11.0,15.6,0.5,0.8,217.00844658582557,1113.8477140402717,1277.48259271139,1285.1988642699346,0.05449950322508812,1.2581567482688025
11.0,17.0,0.5,0.8,196.713302762722,1022.8205813409352,1131.1347917575881,1203.7310190542094,0.0663062185049057,1.2830875724178696
14.0,10.0,0.5,0.8,370.65852532155975,1617.0746960800534,1691.9936226075972,1716.3810793231364,0.018662290647625923,1.064558736013309
14.0,11.4,0.5,0.8,336.58330280959456,1490.8457685365036,1635.1786510060979,1646.8363115132433,0.022603921592235565,1.1793020030074592
14.0,12.8,0.5,0.8,279.6742947454677,1382.5304956039502,1561.2899882308955,1582.4428416919668,0.03255900740623474,1.1771480725925993
14.0,14.2,0.5,0.8,240.53307853708083,1279.3672146517483,1417.7795454151358,1490.4548265350986,0.04418816417455673,1.2325097600428576
14.0,15.6,0.5,0.8,220.5558275373402,1195.2149643043308,1272.5233838481033,1424.7923952465162,0.05271948501467705,1.2055350616572853
14.0,17.0,0.5,0.8,200.30772411359973,1107.0392542040663,1137.2893757925465,1334.6840378092322,0.06377394497394562,1.2656992268555076
17.0,10.0,0.5,0.8,372.25797936750257,1628.6322497529297,1648.7655696186025,1833.731513212719,0.018503881990909576,1.033711421291438
17.0,11.4,0.5,0.8,331.14340667030933,1530.5312473959218,1587.6292256957518,1748.0608517559206,0.023313382640480995,1.1349269774164372
17.0,12.8,0.5,0.8,286.9053691064131,1413.771963766072,1506.0863724728338,1663.9443657369693,0.031077783554792408,1.2356599122065277
17.0,14.2,0.5,0.8,249.64771935503873,1325.020707014644,1418.7221350105574,1595.697884593438,0.04099007323384285,1.2402049211994788
17.0,15.6,0.5,0.8,232.7977545215927,1246.9626349696075,1313.491028376738,1528.363542228543,0.04721071943640709,1.1652120309127523
17.0,17.0,0.5,0.8,203.8835984522104,1152.4277180630095,1162.368582749439,1435.5476715374787,0.061469145119190216,1.223232625489091
20.0,10.0,0.5,0.8,411.7295359632962,1585.2409507200791,1652.073995946975,1921.357600396069,0.015211735852062702,1.0062088435872922
20.0,11.4,0.5,0.8,324.2347510884656,1532.3085640427475,1539.0358291048092,1834.0175151134779,0.02427595853805542,1.1216779151051695
20.0,12.8,0.5,0.8,291.7862819586006,1440.2637480843039,1488.434156261726,1753.6833260800647,0.029930002987384796,1.1373797082627157
20.0,14.2,0.5,0.8,271.6958395936922,1340.6288938997643,1396.6543677273503,1673.5054166572272,0.0347074531018734,1.1111045785626186
20.0,15.6,0.5,0.8,237.0171794048053,1271.5616695987098,1328.3153560865956,1607.6947136336212,0.045428503304719925,1.1402220772109182
20.0,17.0,0.5,0.8,213.67396050935648,1172.4995638623714,1191.8702308587287,1512.6063872286081,0.055832043290138245,1.2652628526867011
5.0,10.0,0.6,0.4,130.86474568392646,801.5386304298025,891.7058797081071,1475.3286210616131,0.14588578045368195,4.460351949306275
5.0,11.4,0.6,0.4,112.45498826881015,746.4006456647844,799.4741017569336,1413.3779459804055,0.1978212296962738,5.009388655519861
5.0,12.8,0.6,0.4,95.67482768987722,697.7877593744313,722.2389910601257,1153.5262967575395,0.2738489806652069,5.052887912238175
5.0,14.2,0.6,0.4,84.90355951986851,651.1909732762613,656.3470265476516,820.3873177419149,0.34934431314468384,5.175370011725239
5.0,15.6,0.6,0.4,76.73703333135714,548.4441679231064,616.0324375707007,618.3839471360229,0.4310443699359894,5.261371283101108
5.0,17.0,0.6,0.4,71.00805280442776,513.8154350468444,572.3074332757426,577.8106262431385,0.5028939247131348,5.258032839706134
8.0,10.0,0.6,0.4,174.066513617025,1076.287050633149,1132.6815106268762,1491.645784794321,0.08270502090454102,3.0830417133242274
8.0,11.4,0.6,0.4,123.4510858805361,1011.553274241824,1024.6649204857865,1437.7821374249536,0.16405178606510162,3.881495772166186
8.0,12.8,0.6,0.4,103.2836267287422,933.6937126137707,956.0620469427745,1327.8296150651433,0.2347385436296463,4.498119650809924
8.0,14.2,0.6,0.4,94.76149890672285,857.4668706669017,907.0865593975972,1211.6126633795036,0.27916860580444336,4.345884291047312
8.0,15.6,0.6,0.4,82.52974855569134,786.9245957468269,861.8297556491514,989.0036334576433,0.36890050768852234,4.6246680546711225
8.0,17.0,0.6,0.4,80.18268238832587,632.5779944368302,731.7451963964486,808.5038964843022,0.3942111134529114,4.69568004008139
11.0,10.0,0.6,0.4,201.1150277611524,1238.0001370144644,1242.9690952942892,1460.1883635049664,0.06210751459002495,2.8444441038650985
11.0,11.4,0.6,0.4,149.1701822101419,1132.2459517714847,1176.1689512392568,1412.6216861668981,0.11263638734817505,3.738426763681257
11.0,12.8,0.6,0.4,111.361982029162,1045.1660493163265,1119.3744575434089,1362.2544120110642,0.20167586207389832,4.267202049478568
11.0,14.2,0.6,0.4,111.70899282808284,960.0493768300846,1065.801178114593,1149.2719938486773,0.20170259475708008,4.218271836102051
11.0,15.6,0.6,0.4,89.60529443729018,893.5941929095442,1020.2392814014765,1039.364444358145,0.31299641728401184,4.950843041492987
11.0,17.0,0.6,0.4,82.71710246267277,821.5962430075515,938.1392918011618,962.156103566109,0.36761316657066345,4.479731106885371
14.0,10.0,0.6,0.4,168.02698632998684,1290.5390553215516,1358.0125136482081,1412.5862587845559,0.08869753777980804,3.2291361111111074
14.0,11.4,0.6,0.4,229.25379750855112,1189.0110496391642,1288.6942773476237,1400.5688268840333,0.04808532074093819,2.3973801867100337
14.0,12.8,0.6,0.4,154.7536503144556,1105.1440789615242,1230.9091138483398,1355.6626409652522,0.10491353273391724,3.701799160113035
14.0,14.2,0.6,0.4,95.97573465430948,1025.8701835845252,1176.6673580472523,1247.4085428315339,0.2717492878437042,4.044602818119708
14.0,15.6,0.6,0.4,90.2579529591514,952.8598103023116,1112.5862432371591,1126.6975625159903,0.30820947885513306,4.091061469613831
14.0,17.0,0.6,0.4,95.94133111194425,890.7130233157831,1061.0874363865066,1066.000637238385,0.2731718122959137,3.493527798070647
17.0,10.0,0.6,0.4,159.77271591745424,1303.2496803954164,1369.4396100271258,1437.4928467533857,0.09804639220237732,3.9740421976373392
17.0,11.4,0.6,0.4,166.1703901966207,1212.2085213458693,1350.577694728469,1368.7424953721818,0.09083737432956696,3.223996812599384
17.0,12.8,0.6,0.4,143.6648592360036,1120.0551420312136,1301.4567781956173,1302.8162917766144,0.12165810912847519,3.56903489841895
17.0,14.2,0.6,0.4,116.86482597458603,1054.4195599692896,1252.0352234747277,1255.2233959736914,0.18358029425144196,4.311626668078339
17.0,15.6,0.6,0.4,127.65276991219972,994.1886246925958,1201.2491569812098,1203.7100691912835,0.15436862409114838,3.3476231750581196
17.0,17.0,0.6,0.4,81.51472717527345,932.5581425013586,1079.3088553303994,1143.072671907159,0.37719622254371643,4.097421373480313
20.0,10.0,0.6,0.4,305.12922474587606,1298.201192234467,1372.3390488861971,1496.5722655266316,0.02731749415397644,2.1087029201450522
20.0,11.4,0.6,0.4,218.5776422581428,1209.1848199752437,1328.8439935545164,1426.6198969445586,0.052754636853933334,3.1510642152470445
20.0,12.8,0.6,0.4,163.79797122620212,1132.9813785873196,1297.4091542990548,1365.1090691846082,0.09355145692825317,3.361460257198544
20.0,14.2,0.6,0.4,186.76140278672713,1059.458559800488,1248.4105120613353,1306.9936515003124,0.07252924889326096,2.564451637023876
20.0,15.6,0.6,0.4,131.19180416518196,1010.0424507889385,1212.8725340515903,1263.2024291374262,0.14639924466609955,3.19823020864763
20.0,17.0,0.6,0.4,113.82548500748352,952.7894266773318,1103.7988681817185,1202.027793911989,0.19437585771083832,3.4886872299524967
5.0,10.0,0.6,0.48,168.47165533477818,848.8882035905488,940.687763404128,1554.5754797349443,0.08830349892377853,3.2612391648191914
5.0,11.4,0.6,0.48,143.25858051632903,791.142456785707,843.7998686353186,1481.4480177255546,0.12229515612125397,3.6210477018679237
5.0,12.8,0.6,0.48,122.9574665995671,741.6229442818409,763.8505662271256,1202.6874583649744,0.16649571061134338,3.8413127357249426
5.0,14.2,0.6,0.48,109.27155172334639,690.3201826939264,697.8646161911674,885.872460162031,0.21203245222568512,3.9531649682947547
5.0,15.6,0.6,0.48,98.6296690802021,613.8523374836013,657.6759192198873,687.2084111455993,0.26206085085868835,4.014682079503604
5.0,17.0,0.6,0.48,91.24841197254263,557.0457332758111,616.224975479573,642.7994783589431,0.3060542941093445,3.7421522465306456
8.0,10.0,0.6,0.48,201.405839384569,1141.1375503502302,1197.1867687484073,1567.6514498737656,0.06194187328219414,2.6284089204928702
8.0,11.4,0.6,0.48,158.11395907058835,1076.4321263433267,1086.6149698667512,1511.989098574646,0.10032884031534195,2.875603346163199
8.0,12.8,0.6,0.48,132.83464735633623,988.2154407694298,1016.7324929131582,1389.004210365027,0.1424482762813568,3.220745881470385
8.0,14.2,0.6,0.48,121.72432610930764,908.5458573042356,965.8006304457871,1261.1339464023658,0.16987550258636475,3.198851332548871
8.0,15.6,0.6,0.48,106.38540134065579,834.4654567737864,918.5430182260809,1024.8635470834852,0.22295477986335754,3.320650844617
8.0,17.0,0.6,0.48,102.34714876964283,711.3847769098182,784.6788830368649,860.7540732191039,0.24308781325817108,3.2997937896033633
11.0,10.0,0.6,0.48,235.57311875479152,1316.8261070713356,1325.0078912088982,1536.1751419595575,0.04543662816286087,2.231819616720039
11.0,11.4,0.6,0.48,180.72833188534048,1204.0189623269318,1254.4134963119843,1484.0963197398662,0.07696335762739182,2.761097993129235
11.0,12.8,0.6,0.48,142.04990535475275,1111.0160415001235,1194.8715904076191,1425.1279360927117,0.12433339655399321,2.9782322855114938
11.0,14.2,0.6,0.48,135.41377499927438,1021.0032354953578,1138.6636937398628,1222.4510501282155,0.13777488470077515,3.1052438172066408
11.0,15.6,0.6,0.48,113.25797402360311,949.5970480924595,1088.6792042582194,1104.0437369418726,0.19669769704341888,3.30095443132214
11.0,17.0,0.6,0.48,104.5379598836248,871.8447793739815,982.9391023988507,1025.3993945147429,0.23120634257793427,3.092769400926326
14.0,10.0,0.6,0.48,206.22196710028635,1376.1639508964913,1451.6273896633525,1483.0050479956967,0.05908847227692604,2.4975187927800984
14.0,11.4,0.6,0.48,250.05822509979706,1266.456230641773,1377.4148065535442,1464.3492662479698,0.04052426666021347,2.168186749918784
14.0,12.8,0.6,0.48,179.182851329662,1176.779914764097,1315.983993174747,1412.4329322301492,0.07845307141542435,2.631603035798214
14.0,14.2,0.6,0.48,123.49400447299517,1090.9503337221745,1257.1970996488883,1279.195687338203,0.16478559374809265,2.969925054895051
14.0,15.6,0.6,0.48,118.16574672862322,1014.8367682697263,1165.7485786062157,1174.6544458014623,0.18065255880355835,2.721016110676536
14.0,17.0,0.6,0.48,114.25994861274351,946.0576986706469,1082.148739370039,1135.5555098994805,0.19323936104774475,2.8329931845537124
17.0,10.0,0.6,0.48,200.1672366538425,1392.4758135193197,1433.148406624013,1538.8640821679699,0.06268502026796341,2.7741682523386375
17.0,11.4,0.6,0.48,211.1405321388565,1294.0397751977214,1413.431847553928,1465.2020702537313,0.05650877580046654,2.1047649766137484
17.0,12.8,0.6,0.48,172.17233636718032,1193.4435443464833,1348.1924479031861,1394.1153896371611,0.08503386378288269,2.6685921150733027
17.0,14.2,0.6,0.48,140.8808080929715,1123.8795001250073,1299.717005302766,1340.1482584708056,0.1267058253288269,3.0685909137834404
17.0,15.6,0.6,0.48,,,,,,
17.0,17.0,0.6,0.48,105.38238139117023,991.6282755069201,1097.794809135505,1218.720359175073,0.22653153538703918,2.8036330119419524
20.0,10.0,0.6,0.48,332.9875078435659,1389.5723738959139,1433.4553378014325,1605.0627542949505,0.023005638271570206,1.692711842721073
20.0,11.4,0.6,0.48,255.0199284529549,1294.160544144103,1388.5428105331475,1530.6653342591303,0.03894992545247078,2.394756054328248
20.0,12.8,0.6,0.48,183.8722769507298,1210.9247862771645,1349.1710560845813,1464.0966582164065,0.07438766956329346,2.5247955294922177
20.0,14.2,0.6,0.48,200.3762933841434,1130.9824506207701,1285.2624950903428,1400.9300747614377,0.06317233294248581,2.1816769484609484
20.0,15.6,0.6,0.48,151.89101377381738,1078.191025064901,1246.2721747553,1352.9832464210028,0.10924950242042542,2.518293496712978
20.0,17.0,0.6,0.48,130.67599601059155,1014.7556818550823,1126.2121147464954,1282.6435626399423,0.14782243967056274,2.7212796773404295
5.0,10.0,0.6,0.56,206.44717780933502,887.0300361991764,980.1295577234979,1623.0097070878626,0.059022415429353714,2.4891361888462744
5.0,11.4,0.6,0.56,176.0106359755222,828.7117882397208,880.2795947912672,1549.9572498785237,0.08129695802927017,2.663272901507839
5.0,12.8,0.6,0.56,151.00539902943487,777.9706195039079,798.6140077434814,1311.1818465144906,0.11076731979846954,2.8749695207092234
5.0,14.2,0.6,0.56,135.17211514283224,725.1136715010815,733.9363936474343,984.0103227777868,0.1391579508781433,2.9435382386493405
5.0,15.6,0.6,0.56,121.48487227458045,655.0556676305181,692.2516080071656,789.5723904518763,0.17328745126724243,3.0412534830257663
5.0,17.0,0.6,0.56,112.2130359179309,589.336353392006,647.868160379649,727.4684325438861,0.20317260921001434,2.8702628985636327
8.0,10.0,0.6,0.56,239.56555363058095,1196.6878101657524,1252.865900849028,1636.8570832090797,0.04395004361867905,2.05165904564969
8.0,11.4,0.6,0.56,192.5002688243968,1129.195289550132,1135.7445072183634,1575.1977754260913,0.06792065501213074,2.3035424720001196
8.0,12.8,0.6,0.56,165.8837688118695,1034.5182136834692,1069.3244725861364,1444.0802189359986,0.09175261855125427,2.460859482100435
8.0,14.2,0.6,0.56,148.709768229837,954.0718473307003,1017.072545362636,1312.1438147771796,0.11426146328449249,2.411016898977825
8.0,15.6,0.6,0.56,131.222043450467,876.9196021756032,966.5272790066656,1111.3343832944824,0.1471201330423355,2.4180642102595993
8.0,17.0,0.6,0.56,122.88021124117701,775.4739077089957,843.7728582517641,904.9917186707099,0.16924960911273956,2.4179278190454334
11.0,10.0,0.6,0.56,277.95538279711866,1384.0629132381614,1393.6135609426588,1603.2411371642938,0.032806213945150375,1.8095734499961649
11.0,11.4,0.6,0.56,210.31482348484988,1264.036857945658,1320.653360428248,1543.975884057701,0.05700525641441345,2.121703424900118
11.0,12.8,0.6,0.56,174.76907498349732,1166.4017338292842,1258.9320243954378,1478.2826970624901,0.08243098855018616,2.2978470715406116
11.0,14.2,0.6,0.56,160.84860197372362,1074.0591617068314,1200.4389369853748,1295.7047014411285,0.09798505902290344,2.446239960950811
11.0,15.6,0.6,0.56,137.9640201292437,1000.3846327188515,1148.7895618786183,1177.1727259305958,0.13311469554901123,2.4522853401817937
11.0,17.0,0.6,0.56,137.96402012924366,1000.3846327188504,1148.7895618786197,1177.1727259305937,0.13311469554901123,2.4522853401817937
14.0,10.0,0.6,0.56,247.58856702070716,1449.9146108808668,1531.256365118455,1543.834892923852,0.04116886109113693,1.907968435918337
14.0,11.4,0.6,0.56,272.4534029667561,1334.264797106611,1454.6595228560009,1521.165348229089,0.03421671688556671,1.8088733523408422
14.0,12.8,0.6,0.56,203.9589066432922,1237.9102780736519,1389.300483406048,1458.8354269000945,0.0607326440513134,2.2384335249328364
14.0,14.2,0.6,0.56,153.08681966703003,1147.5183104297016,1317.2971523787894,1327.8401326245908,0.10768089443445206,2.212888910984225
14.0,15.6,0.6,0.56,144.0025240146106,1069.2811301163333,1194.9180694662682,1238.2980033300669,0.1221797689795494,2.1168246103272863
14.0,17.0,0.6,0.56,135.3592691631456,994.7214682624541,1098.9730449884942,1188.8570633137701,0.13822756707668304,2.0488285609008483
17.0,10.0,0.6,0.56,243.89954347391387,1470.3475580181173,1489.9339956142612,1627.709134119499,0.04239879176020622,2.0263728930706963
17.0,11.4,0.6,0.56,245.4047534433253,1365.8917822586632,1467.8548295867427,1549.8380627100619,0.042009107768535614,2.1135980214885497
17.0,12.8,0.6,0.56,199.74172399417694,1260.567360904225,1394.2674308288492,1475.6904940136892,0.06339994072914124,2.055090898213887
17.0,14.2,0.6,0.56,166.26327968647308,1184.9072385221807,1332.1919549817671,1417.413672517078,0.09127815067768097,2.167171773325283
17.0,15.6,0.6,0.56,164.25670143225517,1116.1813178380958,1255.4955151885194,1360.3370284186078,0.09379418194293976,1.9965067437417816
17.0,17.0,0.6,0.56,129.76701473489538,1043.5605318647924,1117.103239974433,1284.68037084967,0.14993916451931,2.162510387463453
20.0,10.0,0.6,0.56,364.06738784827235,1470.0997596695772,1483.2312422333132,1700.6834199404318,0.019327107816934586,1.464968659053075
20.0,11.4,0.6,0.56,290.7922960716475,1368.1158279400352,1437.9323602138988,1621.1408952145418,0.030066613107919693,1.817085788570176
20.0,12.8,0.6,0.56,230.43790927706115,1280.0575812356108,1392.7125543129985,1550.663300443143,0.04764879494905472,1.9901414601570941
20.0,14.2,0.6,0.56,215.58538615281284,1193.7680092075884,1319.2634766052536,1482.5225274597378,0.05469704419374466,2.067712659131181
20.0,15.6,0.6,0.56,175.02230722195523,1136.1994516237064,1271.8807278628044,1429.4260922151377,0.08255834132432938,2.057684861411871
20.0,17.0,0.6,0.56,153.09307720899739,1068.889699706449,1142.0524268309116,1353.359084068298,0.10798267275094986,2.055072926992684
5.0,10.0,0.6,0.64,249.09637740210832,923.7336813548935,1017.7988100829967,1687.2414981486675,0.04072390869259834,1.9468252271476323
5.0,11.4,0.6,0.64,210.9508620482131,864.8559347597101,915.3261976004208,1610.8317608463528,0.056820522993803024,2.1132017813261372
5.0,12.8,0.6,0.64,183.04539371504578,813.5973550211454,832.5505437079397,1400.811626748529,0.07570865750312805,2.3512128809939217
5.0,14.2,0.6,0.64,162.0027344743513,756.0890086464186,767.1685713334721,1097.0779851690745,0.09723564237356186,2.3611486922247615
5.0,15.6,0.6,0.64,146.69583682740196,687.7915878011681,725.2549013127039,903.3270912390597,0.11922784894704819,2.268430429061776
5.0,17.0,0.6,0.64,135.18594975335947,616.8242211057216,677.2707580618354,817.4420746707113,0.14053288102149963,2.3319471273580192
8.0,10.0,0.6,0.64,280.7010846888068,1248.1808871217584,1304.0050108725052,1702.989569616746,0.032162971794605255,1.6343704609672305
8.0,11.4,0.6,0.64,230.10755128048746,1178.0624543480537,1181.7119453489915,1632.6941826917969,0.04774187505245209,1.7087984135415772
8.0,12.8,0.6,0.64,198.19654513598016,1077.6125513947554,1117.4217828257677,1498.989761088759,0.06455108523368835,1.9123840610837373
8.0,14.2,0.6,0.64,177.49784156104718,993.2138932371317,1063.490789268472,1360.9806541409166,0.0806233137845993,1.8888899543893944
8.0,15.6,0.6,0.64,157.10871433006344,914.7394971737942,1010.8341619727317,1175.2751003098253,0.10310522466897964,1.9407253666477282
8.0,17.0,0.6,0.64,146.83113873825135,822.133659892154,928.3340496906242,945.9672305097839,0.1189727708697319,1.8549734090649748
11.0,10.0,0.6,0.64,310.4848698719784,1446.708952295071,1458.355976832233,1665.2523104721631,0.026376379653811455,1.4611454583266676
11.0,11.4,0.6,0.64,247.97205401467363,1320.4945188634574,1382.7581069471485,1602.4840588606087,0.04117562621831894,1.7374810754515742
11.0,12.8,0.6,0.64,207.73755998861802,1216.0776900796438,1316.7539191718326,1524.5439007778539,0.05857490003108978,1.8167557638435516
11.0,14.2,0.6,0.64,188.72063737749966,1121.5813059024886,1256.229848250403,1336.5012794856955,0.07148569822311401,1.8948890480064333
11.0,15.6,0.6,0.64,164.63122367533958,1044.9258331515728,1201.757581113076,1223.3613712957954,0.09387470781803131,1.83799316815358
11.0,17.0,0.6,0.64,152.47526103136946,958.6198201352113,1101.5437141681875,1121.9355639072287,0.10960696637630463,1.7836507141179014
14.0,10.0,0.6,0.64,294.28885736030844,1516.598160409687,1602.3972756957487,1604.5894924404367,0.029295552521944046,1.5542832638038209
14.0,11.4,0.6,0.64,300.90186505111603,1394.683158177175,1523.869244057221,1569.6781604556406,0.028152305632829666,1.6205828830072244
14.0,12.8,0.6,0.64,233.28190288927672,1293.423554280713,1455.6925798646862,1506.0324199640595,0.04657657817006111,1.7370240952334883
14.0,14.2,0.6,0.64,183.43052605563233,1197.4446608626074,1348.8919161497304,1390.3386374070674,0.0753597617149353,1.7302617736382018
14.0,15.6,0.6,0.64,171.60499049379376,1116.393895374693,1218.0066494188718,1293.0310236854352,0.08648163825273514,1.7248701912722872
14.0,17.0,0.6,0.64,158.39745077789215,1038.7486346172177,1113.6712527997165,1249.3585761205068,0.10132067650556564,1.6566854668001938
17.0,10.0,0.6,0.64,289.6248359523791,1539.5319049710881,1542.30411351033,1706.9036790105054,0.0302247516810894,1.539155364966989
17.0,11.4,0.6,0.64,268.7483448597315,1429.8676656389819,1512.6482918530012,1626.2714601867574,0.0351036936044693,1.4062877631551842
17.0,12.8,0.6,0.64,228.17806668147927,1320.327284786897,1437.8045809435885,1549.2510145386857,0.04873130843043327,1.6699139694487877
17.0,14.2,0.6,0.64,195.53899052295105,1238.0671797146645,1362.7693085753913,1485.3968415961128,0.06626808643341064,1.6941957435543133
17.0,15.6,0.6,0.64,187.42781647993007,1167.2210954930272,1280.5248155807112,1425.9246536710093,0.0722765326499939,1.7115532844626749
17.0,17.0,0.6,0.64,154.9566821650694,1088.7055585524522,1127.0221650430246,1334.9698926842314,0.10562343150377274,1.6766811950160672
20.0,10.0,0.6,0.64,389.0085458370577,1527.8311419687052,1541.026925871563,1785.7806772508484,0.0169849693775177,1.2396446379440083
20.0,11.4,0.6,0.64,319.5598709730348,1434.8768227397936,1483.6401793861348,1703.660491790903,0.02497694455087185,1.6150202980153903
20.0,12.8,0.6,0.64,254.8502056754205,1342.1270324149327,1432.2867523578193,1628.7359114410747,0.03907165676355362,1.7233840401242495
20.0,14.2,0.6,0.64,242.5362091579579,1250.2284248243882,1352.6678691471582,1556.3263835125488,0.04337385296821594,1.6268113840057192
20.0,15.6,0.6,0.64,197.44005660264415,1188.450262412957,1294.8303825107357,1498.3422557425258,0.06510560214519501,1.7063134487800087
20.0,17.0,0.6,0.64,174.76728538660373,1115.9601878428589,1155.3904113900862,1414.7416007743789,0.0830283910036087,1.7019137427139663
5.0,10.0,0.6,0.72,286.789656164957,953.8577454011423,1048.5473042340984,1740.6859549797182,0.030865114182233814,1.6100650430001806
5.0,11.4,0.6,0.72,247.09563832631758,896.5753726761963,946.7422692994747,1661.274096946584,0.04160746559500694,1.7435324204429354
5.0,12.8,0.6,0.72,212.0014438871757,842.4878105109561,859.4825863081686,1493.032144888135,0.05663697049021721,1.8398816610626134
5.0,14.2,0.6,0.72,189.8566626806159,783.592373528263,795.7682478871129,1209.7130317942072,0.07104232162237167,1.9249360474424717
5.0,15.6,0.6,0.72,171.12404501291854,713.2450003011443,752.4387995469966,1008.5163588435126,0.08787445724010468,1.9223298510026396
5.0,17.0,0.6,0.72,158.315233688385,641.3721125318689,704.5202408843526,907.3333062254382,0.10280141234397888,1.822765163803824
8.0,10.0,0.6,0.72,324.2465044078444,1292.5405943899113,1348.2040118383272,1759.785689536071,0.02424749545753002,1.314159389628108
8.0,11.4,0.6,0.72,269.73204256712216,1223.4850533919182,1223.9065628260757,1685.3956157068048,0.034918710589408875,1.3970458738419878
8.0,12.8,0.6,0.72,232.73493821473443,1115.411506621328,1160.3348422333254,1550.152117805711,0.047039516270160675,1.630420075489819
8.0,14.2,0.6,0.72,206.89649456556268,1027.716236538482,1103.5513709297625,1403.546753980832,0.059594444930553436,1.601891955956931
8.0,15.6,0.6,0.72,184.75010985658793,948.5783511017116,1050.0886754274338,1235.867359300904,0.07482939958572388,1.5805299120175864
8.0,17.0,0.6,0.72,170.58835738446103,855.9388527454527,981.8507257970385,1025.1311508754334,0.08838874101638794,1.5620354647308798
11.0,10.0,0.6,0.72,354.652039866312,1498.3648851315381,1512.574429644927,1721.3688407890338,0.020337123423814774,1.2213804630674978
11.0,11.4,0.6,0.72,284.74749563374485,1370.956535713107,1437.6327078641539,1655.593530705197,0.031363941729068756,1.3906688182734344
11.0,12.8,0.6,0.72,243.91463315029958,1261.3029063268516,1369.4383220900254,1570.8203870375128,0.042682159692049026,1.4558099938411788
11.0,14.2,0.6,0.72,217.99440708784476,1164.5732158461908,1306.473961993923,1384.7269491878103,0.053777869790792465,1.566703318640588
11.0,15.6,0.6,0.72,191.8571124022706,1084.5365998892512,1249.1034714296384,1257.1754502267088,0.06942347437143326,1.6007262500241657
11.0,17.0,0.6,0.72,177.31503015059678,997.2292226623686,1120.780753975369,1172.8579483032674,0.0813361257314682,1.4824986581046493
14.0,10.0,0.6,0.72,339.855788432125,1575.4821275990812,1653.8677678262047,1669.2899244830296,0.02210075780749321,1.2745318164212665
14.0,11.4,0.6,0.72,331.43432471411285,1450.1959885885633,1587.208486093129,1616.0548357734351,0.023302895948290825,1.1983536151906664
14.0,12.8,0.6,0.72,262.58184322547686,1343.0345359662879,1515.0745764326966,1552.833931732554,0.03687767684459686,1.453469095818189
14.0,14.2,0.6,0.72,215.27454202247992,1245.4406943726347,1392.8245743844993,1447.2286949418524,0.054928746074438095,1.4633528468205472
14.0,15.6,0.6,0.72,199.2461741666108,1162.4520494786277,1251.3926683038758,1383.7575223893366,0.06438198685646057,1.334407837432227
14.0,17.0,0.6,0.72,183.41880530869716,1077.163744605016,1127.70211264443,1298.0921240985854,0.07585899531841278,1.4519368452564332
17.0,10.0,0.6,0.72,338.58243032101535,1595.0370414672059,1604.3237485347397,1780.6495798879544,0.0222532469779253,1.275701813349139
17.0,11.4,0.6,0.72,306.8709946075918,1489.6299355626072,1559.7013721051358,1696.5417926411335,0.027053609490394592,1.2043902468927765
17.0,12.8,0.6,0.72,261.02120874948395,1374.9644996903241,1479.6358900648386,1615.262090580402,0.03739047795534134,1.3321153345394854
17.0,14.2,0.6,0.72,226.24165549076332,1287.2826345409123,1394.1106150012845,1547.7344347493981,0.049732014536857605,1.4527358195269169
17.0,15.6,0.6,0.72,211.60709637670794,1212.2298128256466,1298.5478907553195,1483.7581634477965,0.05693294107913971,1.384134409347108
17.0,17.0,0.6,0.72,180.27577427397665,1130.5453582369148,1141.3656686699767,1395.9862131342056,0.07833430916070938,1.4495716584770617
20.0,10.0,0.6,0.72,415.71837798660323,1589.8501643291265,1622.3241924375052,1877.4104393701214,0.014905269257724285,1.2576990217269208
20.0,11.4,0.6,0.72,396.2767078999457,1516.7103823096575,1560.9308730441066,1791.4221216176793,0.01639401912689209,1.0776588665363622
20.0,12.8,0.6,0.72,284.1284460534032,1412.366876603345,1481.7331129112179,1709.8217316177547,0.03150688111782074,1.3218089643530306
20.0,14.2,0.6,0.72,265.342295077502,1334.0370219019458,1451.758640699081,1644.1931285466728,0.03608693182468414,1.3702188936881239
20.0,15.6,0.6,0.72,238.544305386785,1277.5633478138498,1395.4634612775053,1592.3838302044214,0.04444929212331772,1.2754055513789657
20.0,17.0,0.6,0.72,200.6542620041921,1170.3343857937368,1172.9608056522588,1484.934408822837,0.06314850598573685,1.44334706443076
5.0,10.0,0.6,0.8,307.8650246468172,808.135924344854,871.0496364324162,913.2991581509377,0.030283017084002495,1.3237917233500451
5.0,11.4,0.6,0.8,267.4691879892663,801.0505225077868,829.9554072386296,870.3038984840005,0.03879696503281593,1.5175824866780465
5.0,12.8,0.6,0.8,236.97068919706814,778.6976922287279,794.8531479561681,866.5742646839202,0.04817286506295204,1.5098297069085196
5.0,14.2,0.6,0.8,211.14605553211342,739.1694832685016,764.5737717825997,891.4240606015446,0.05950213968753815,1.6680078251797277
5.0,15.6,0.6,0.8,194.20604990886667,700.5606620225975,742.7132032252346,933.5391493216243,0.06941891461610794,1.562567164912331
5.0,17.0,0.6,0.8,182.16164472691878,663.3931376971101,729.4057998534543,998.7478080328053,0.07787452638149261,1.5390201433501103
8.0,10.0,0.6,0.8,384.2089641593903,933.5497963810734,1130.5851822212578,1140.2103987525466,0.019981009885668755,1.0423098774443451
8.0,11.4,0.6,0.8,308.3945887778613,919.5185384647198,1081.7919340266806,1106.901527390265,0.029397111386060715,1.0644494220928569
8.0,12.8,0.6,0.8,266.2369882891591,933.2986154156632,1037.2793503323057,1074.232691772237,0.0382746160030365,1.2948372395344465
8.0,14.2,0.6,0.8,245.42571260360666,946.1721009361645,1021.961083012515,1047.985172992262,0.044278472661972046,1.1941168868310807
8.0,15.6,0.6,0.8,212.75172909589182,924.9084239029311,1030.3785091212735,1062.1417062173134,0.05772770941257477,1.2277406422966362
8.0,17.0,0.6,0.8,198.91521396150893,889.5857570851437,1019.7805503017175,1116.6961974487429,0.065183624625206,1.2566013239205422
11.0,10.0,0.6,0.8,370.3285305736645,1089.035490910594,1216.359775110859,1261.42862653637,0.020480193197727203,0.9792855797375941
11.0,11.4,0.6,0.8,317.3493884671707,1100.6653253397021,1211.0522611597012,1221.5983171978305,0.02700292132794857,1.1351258742751866
11.0,12.8,0.6,0.8,283.63444321208016,1115.134540945994,1196.1185397736506,1207.1697772640696,0.03316076844930649,1.3204318774927761
11.0,14.2,0.6,0.8,250.1649449095554,1099.2357163125723,1199.4965987973505,1221.295070700329,0.04187646880745888,1.12714911337598
11.0,15.6,0.6,0.8,219.84974869096192,1070.6768538896936,1195.3882238287345,1225.3521622936257,0.053460460156202316,1.1560977223976452
11.0,17.0,0.6,0.8,202.8737520525952,1037.7825368455065,1150.421088083479,1218.5988276900923,0.06214294582605361,1.2559891922141695
14.0,10.0,0.6,0.8,386.6534165304641,1172.44510868236,1239.1769721495734,1325.2745726058972,0.01868930645287037,0.9064442767190051
14.0,11.4,0.6,0.8,334.5208450854298,1186.016290325812,1232.9198071967198,1290.207845753531,0.024240126833319664,1.115914172135345
14.0,12.8,0.6,0.8,297.8942254782309,1194.8915661582753,1223.2530192239292,1282.5597116820068,0.029980333521962166,1.2510381992757744
14.0,14.2,0.6,0.8,265.82290721718255,1178.8327498512194,1215.8479752514634,1321.8644737512031,0.03705362230539322,1.1088482476615165
14.0,15.6,0.6,0.8,232.13713750165073,1152.9272044395734,1206.0124427604148,1357.5224406275095,0.04792236164212227,1.1318538719973825
14.0,17.0,0.6,0.8,208.7264718461457,1123.187797038061,1158.139991268374,1350.750158507108,0.058617107570171356,1.1649112312303225
17.0,10.0,0.6,0.8,402.40888734866684,1206.631774880489,1246.8763638568655,1355.523579624479,0.017326142638921738,0.848827455819791
17.0,11.4,0.6,0.8,342.97132513905245,1215.7357816149804,1245.0212256398577,1320.1084809971976,0.023087898269295692,1.107561324686716
17.0,12.8,0.6,0.8,298.84714523081607,1221.6640295330576,1246.3914236750338,1309.0153782760917,0.029734408482909203,1.2660912784600977
17.0,14.2,0.6,0.8,271.44201343755736,1217.0789705549812,1227.522287571138,1351.3746775011005,0.035541631281375885,1.2033308863420373
17.0,15.6,0.6,0.8,239.12237556933385,1199.8635720309421,1211.6864827066224,1431.646296067566,0.045195095241069794,1.1756625615853746
17.0,17.0,0.6,0.8,208.00535394979318,1165.300768854993,1176.8630466314278,1450.9153918888396,0.05896163359284401,1.174321080623692
20.0,10.0,0.6,0.8,449.0733910634059,1282.5934108582396,1343.7031075071945,1426.3387030857716,0.013859843835234642,0.8456540458391935
20.0,11.4,0.6,0.8,403.1160294389706,1273.584830330846,1319.7659399975764,1440.0719560503865,0.0167634729295969,0.8408834584735291
20.0,12.8,0.6,0.8,362.0394628124889,1265.2984952370382,1289.1778539669187,1481.9974165622082,0.02037220261991024,1.0882122583763025
20.0,14.2,0.6,0.8,304.579931156145,1254.451915669993,1257.6098095573493,1541.4130363813374,0.02817709743976593,0.9298755965473615
20.0,15.6,0.6,0.8,251.98745213944747,1232.2782027518558,1241.814842775183,1535.0316869319995,0.040512245148420334,1.0569498807818745
20.0,17.0,0.6,0.8,220.45732152659437,1187.1268183940433,1211.3628942454516,1532.6761307518063,0.052352141588926315,1.1375994692433828
